message,target
can t win alone,"[1, 0, 0]"
buy more hearts rofl,"[1, 0, 0]"
no one ever gives up,"[1, 0, 0]"
tower ,"[1, 0, 0]"
too much brain,"[1, 0, 0]"
say one thing,"[1, 0, 0]"
why u guys so smell and poor country  ,"[0, 0, 1]"
i thougt we were friends ,"[1, 0, 0]"
basic,"[1, 0, 0]"
report void and qop,"[1, 0, 0]"
he is best shittalker au,"[0, 1, 0]"
cyka,"[0, 0, 1]"
why crying   ,"[1, 0, 0]"
really retard,"[0, 1, 0]"
got fucked by  k scrub,"[0, 0, 1]"
report sf ty,"[1, 0, 0]"
wahtthefc,"[0, 1, 0]"
id stick my cock so far up your ass,"[0, 0, 1]"
its a team game,"[1, 0, 0]"
mga tanga,"[0, 0, 1]"
oh crap ,"[1, 0, 0]"
any cores ,"[1, 0, 0]"
not with ursa,"[1, 0, 0]"
lobby  ,"[1, 0, 0]"
fk this,"[0, 1, 0]"
i dont understand whats happening,"[1, 0, 0]"
trash offlane,"[0, 0, 1]"
dont cry here too,"[1, 0, 0]"
seafood,"[1, 0, 0]"
cock and ball torture,"[0, 1, 0]"
end ur mother noob,"[0, 0, 1]"
i prefer to farm cock,"[0, 1, 0]"
we got more out of it,"[1, 0, 0]"
tang ina mo magquit kayo hahaha,"[0, 0, 1]"
yes sht counts,"[0, 1, 0]"
hello cringe shit,"[0, 1, 0]"
this shit lookin like a      nadcl lobby,"[0, 1, 0]"
what teh fuck,"[0, 1, 0]"
u happy now ,"[1, 0, 0]"
goated supports,"[1, 0, 0]"
tell sf his girlfriend ugly as shit,"[0, 0, 1]"
chain frost is really good btw,"[1, 0, 0]"
fucking trash,"[0, 0, 1]"
whore,"[0, 0, 1]"
maledick to small,"[0, 1, 0]"
fucking ape,"[0, 1, 0]"
hard to lose vs  ,"[1, 0, 0]"
basically playing ck with ck spells,"[1, 0, 0]"
youre playing a pussy hero and im free farming lol,"[0, 1, 0]"
i need to go,"[1, 0, 0]"
anime monkey chinese,"[0, 0, 1]"
whos scared now,"[1, 0, 0]"
one second i will bye blink and fuck your team,"[0, 1, 0]"
thats what you think,"[1, 0, 0]"
is pl supp ,"[1, 0, 0]"
sorry  what morons ,"[0, 1, 0]"
what a toxic cunt,"[0, 0, 1]"
was gonna report am,"[1, 0, 0]"
trash loser,"[0, 0, 1]"
taba contestando wasap,"[1, 0, 0]"
wow insane u can ultfor a brown boots underleveled slark,"[1, 0, 0]"
razor seems to be mad at me ,"[1, 0, 0]"
blink come but dunno ulti,"[1, 0, 0]"
full force,"[1, 0, 0]"
worthless bot,"[0, 0, 1]"
wait bro ill fuck u in dpc someday not just in pub,"[0, 1, 0]"
hello there,"[1, 0, 0]"
and cool bm,"[1, 0, 0]"
this ss is ass,"[0, 0, 1]"
we are coming ,"[1, 0, 0]"
i want your cold cunt,"[0, 1, 0]"
i fuck ur m other too tevhies,"[0, 0, 1]"
i hope hitler comes back and decides he hates chinese people instead,"[0, 0, 1]"
low shit eng,"[0, 1, 0]"
they cant stand   sec,"[1, 0, 0]"
stop it mother fuckers,"[0, 1, 0]"
he s noob anyway,"[0, 1, 0]"
fuck off,"[0, 1, 0]"
can we  end ,"[1, 0, 0]"
literally bad too lmfao,"[1, 0, 0]"
why her nose is so big,"[0, 0, 1]"
he nt coming back he bitching about the lane,"[0, 1, 0]"
this axe  not even once single time bot,"[1, 0, 0]"
yaaaaa we was baiting yr mom to sleep with yr mouse ,"[0, 0, 1]"
its my   k game,"[1, 0, 0]"
need pos  ,"[1, 0, 0]"
like it s annyoing when two assholes won t communicate,"[1, 0, 0]"
you guys are fkn shit man,"[0, 1, 0]"
or jungle walker,"[1, 0, 0]"
dumb fucking team,"[0, 0, 1]"
muted ,"[1, 0, 0]"
we dont have a  ,"[1, 0, 0]"
so we wait for you but not us ey ,"[1, 0, 0]"
wtf i can see ur tp,"[0, 1, 0]"
void you are really noob,"[0, 0, 1]"
in her asshole,"[0, 0, 1]"
i am sucking mega cock with pos  ,"[0, 0, 1]"
are u guys trash like the last team we faced ,"[0, 1, 0]"
good game  clothes,"[1, 0, 0]"
surely right,"[1, 0, 0]"
why so easy,"[1, 0, 0]"
valaky can weteam,"[1, 0, 0]"
carejua,"[1, 0, 0]"
asshole,"[0, 0, 1]"
he leave,"[1, 0, 0]"
carry or ruin   ,"[1, 0, 0]"
and raped,"[0, 1, 0]"
every match of dota,"[1, 0, 0]"
us east moment,"[1, 0, 0]"
rep bs ty,"[1, 0, 0]"
piece of shit,"[0, 0, 1]"
ok i micro snap and my hero,"[1, 0, 0]"
you pick me you arldy win this game,"[1, 0, 0]"
why mkb btw ,"[1, 0, 0]"
all the space still no impact,"[1, 0, 0]"
thats the issue,"[1, 0, 0]"
i got a brain dead player in here,"[0, 0, 1]"
wont change shit,"[0, 1, 0]"
is retard palyer xd,"[0, 1, 0]"
sell items ,"[1, 0, 0]"
gotta love playing with retards,"[0, 0, 1]"
for   core,"[1, 0, 0]"
nob team,"[0, 0, 1]"
profet,"[1, 0, 0]"
i wont play ,"[1, 0, 0]"
trashplayers,"[0, 0, 1]"
primal and od are foating  k collectivley,"[1, 0, 0]"
guys your base,"[1, 0, 0]"
fatally bonded,"[1, 0, 0]"
pugna  how copme you killed yoursefl,"[1, 0, 0]"
and the poison,"[1, 0, 0]"
tard timber,"[0, 1, 0]"
u bought   too though ,"[1, 0, 0]"
hydrate u lil pricks ,"[0, 0, 1]"
ready,"[1, 0, 0]"
okay final offer  invite me to discord and we ll  v  these losers,"[0, 0, 1]"
i always love that everygame i play against a   stack and have to put up with   russian retards,"[0, 0, 1]"
that mad,"[1, 0, 0]"
play with brain bro,"[1, 0, 0]"
fuck bort,"[0, 0, 1]"
trash ursa we have bro balance,"[0, 0, 1]"
they let am farm  they farm,"[1, 0, 0]"
basic game,"[1, 0, 0]"
hold on sunshine,"[1, 0, 0]"
report witch nobb,"[0, 0, 1]"
my girl ur nothing,"[1, 0, 0]"
mother fucker,"[0, 0, 1]"
fked up pos me and spec,"[0, 1, 0]"
that just happened,"[1, 0, 0]"
report the peruvians,"[1, 0, 0]"
first was on rune,"[1, 0, 0]"
what a transgression,"[1, 0, 0]"
is indian waiting for a comeback,"[1, 0, 0]"
please end ,"[1, 0, 0]"
g throne,"[1, 0, 0]"
piece of shit,"[0, 0, 1]"
if you try and talk the entire game to make friends  you are a loser  ,"[0, 0, 1]"
cause he is benig a whiny baby,"[1, 0, 0]"
couldnt possible be shit skill,"[0, 1, 0]"
cant win game,"[1, 0, 0]"
guys trust me report please,"[1, 0, 0]"
kil the support,"[1, 0, 0]"
throne,"[1, 0, 0]"
sea best carry,"[1, 0, 0]"
fucking hell,"[0, 1, 0]"
yeahhh this is fucked,"[0, 1, 0]"
you baby on lp,"[1, 0, 0]"
fair enough man,"[1, 0, 0]"
for my team copming bitch,"[0, 1, 0]"
with these retards,"[0, 1, 0]"
first time win loser   ,"[0, 0, 1]"
is fcking good,"[0, 1, 0]"
party with purpubl  ,"[1, 0, 0]"
sry he is tard,"[0, 1, 0]"
whip it out,"[1, 0, 0]"
facke inf,"[0, 1, 0]"
team is afk,"[1, 0, 0]"
fuck putin btw,"[0, 1, 0]"
ogre said he won the lane,"[1, 0, 0]"
have you guys won a fight ,"[1, 0, 0]"
wrong neighbourhood,"[1, 0, 0]"
ur mom is fuckin joke,"[0, 0, 1]"
go fuck yourself,"[0, 0, 1]"
and reach smth,"[1, 0, 0]"
fattest cock ever,"[0, 1, 0]"
a mid hero took the tome wtf,"[0, 1, 0]"
ty  ur noobness im now ancient,"[0, 0, 1]"
we are party,"[1, 0, 0]"
what the fuck is up with your phantom grimstroke,"[0, 1, 0]"
this is hearld you cringe fucker,"[0, 0, 1]"
go play minecraft matthew,"[1, 0, 0]"
clock,"[1, 0, 0]"
puidge asshol,"[0, 0, 1]"
noob slark cant fight carry xd,"[0, 0, 1]"
wtf is this root,"[0, 1, 0]"
cant we ,"[1, 0, 0]"
in yo head dumbass,"[0, 0, 1]"
what a timing,"[1, 0, 0]"
fk that hurts,"[0, 1, 0]"
is he an asset or liability ,"[1, 0, 0]"
win lane then useless,"[0, 0, 1]"
need supp players,"[1, 0, 0]"
shaker used echo,"[1, 0, 0]"
it could have worked ,"[1, 0, 0]"
any big cock lovers here,"[0, 0, 1]"
you guys are doing a good job at carrying me to a loss,"[1, 0, 0]"
eziest game in my life,"[1, 0, 0]"
i can but i need to train myself for pos ,"[1, 0, 0]"
your descendants would feel my dick in your ass,"[0, 0, 1]"
pick something different you sad fucks,"[0, 1, 0]"
greys two dads are coming to pick him up,"[1, 0, 0]"
typical ching chong cant talk anything ,"[0, 0, 1]"
fuck off,"[0, 1, 0]"
what was that about the push mk ,"[1, 0, 0]"
u need kills for arcana ,"[1, 0, 0]"
not enough,"[1, 0, 0]"
ty for win tech,"[1, 0, 0]"
first streamsnipe ban snap,"[1, 0, 0]"
legion get off my dick,"[0, 0, 1]"
after he got trashcanned,"[1, 0, 0]"
english mother fucker do you speak it,"[0, 1, 0]"
item,"[1, 0, 0]"
report mk pls,"[1, 0, 0]"
fuck off,"[0, 1, 0]"
bros hop off my cock,"[0, 1, 0]"
how did yall manage to lose this game,"[1, 0, 0]"
i dont have sex,"[0, 1, 0]"
thats crazy bro,"[1, 0, 0]"
i do wanna see the kukumancer  ,"[1, 0, 0]"
ez noobs in team,"[0, 0, 1]"
wr crash,"[1, 0, 0]"
stupid kotl dont know how to place ward  buying for next game,"[0, 0, 1]"
that  k ,"[1, 0, 0]"
win ,"[1, 0, 0]"
no pl u cant win,"[1, 0, 0]"
literally,"[1, 0, 0]"
who,"[1, 0, 0]"
i think im pretty intimidating ty ty,"[1, 0, 0]"
g throne we afk,"[1, 0, 0]"
you really fucked my game bro  wp rub,"[0, 1, 0]"
u r the loser we have win this so ez,"[0, 0, 1]"
and staying afk in base min   ,"[1, 0, 0]"
fkin scaredy cats,"[0, 0, 1]"
fuck this hero,"[0, 1, 0]"
  iq player,"[1, 0, 0]"
wrong chat,"[1, 0, 0]"
think oh i can predict pango talk shit,"[0, 1, 0]"
stop cry pa,"[1, 0, 0]"
no worry bro it ll be quick,"[1, 0, 0]"
erpotign my team,"[1, 0, 0]"
i eat pussy  does that count ,"[0, 1, 0]"
poor puck s throat got wide   ,"[0, 0, 1]"
some trash u and pudge,"[0, 0, 1]"
fuck it,"[0, 1, 0]"
end this shit,"[0, 1, 0]"
the bestr p a of cuba,"[1, 0, 0]"
what a pure chance hook,"[1, 0, 0]"
that is a joke srsly,"[1, 0, 0]"
dogshit players,"[0, 0, 1]"
this is rocket league ,"[1, 0, 0]"
       th pick riki,"[1, 0, 0]"
  v   but having a hard time idiots,"[0, 1, 0]"
it s just waisitng time,"[1, 0, 0]"
by peru supports,"[1, 0, 0]"
rus tresh xd,"[1, 0, 0]"
stfu seafood,"[0, 1, 0]"
with this mothjerfuck midlaner,"[0, 1, 0]"
but our cores were weak,"[1, 0, 0]"
me party with you smoke joint,"[1, 0, 0]"
g next,"[1, 0, 0]"
techies throwing hes in your triangle,"[1, 0, 0]"
impactless,"[1, 0, 0]"
learned to make it from your nigger mom,"[0, 0, 1]"
ur team canb win with out u,"[1, 0, 0]"
get screwed so badly,"[1, 0, 0]"
u party gamers are mega clowns,"[0, 0, 1]"
stupid ass herp lol,"[0, 0, 1]"
earlier,"[1, 0, 0]"
fuck u,"[0, 0, 1]"
pls not this hero    ,"[1, 0, 0]"
this is what happens when ur mid is shit,"[0, 1, 0]"
i have an am who got shit on line and now he s crying hahaha what a good team  pure shit in this media  how could i get so low ,"[0, 1, 0]"
see item  st diot,"[0, 1, 0]"
whats the animal that keeps shitting on my car then huh ,"[0, 1, 0]"
for all the time,"[1, 0, 0]"
eater,"[1, 0, 0]"
literally nothing,"[1, 0, 0]"
g next,"[1, 0, 0]"
neither are you,"[1, 0, 0]"
u can turn a fight immediately,"[1, 0, 0]"
what do u mean by that,"[1, 0, 0]"
can suck my dick,"[0, 0, 1]"
your life must be so sad,"[1, 0, 0]"
he say stfu,"[0, 1, 0]"
party with midgod,"[1, 0, 0]"
thug doto   ,"[1, 0, 0]"
report this retard luna,"[0, 0, 1]"
what the fck are u doing,"[0, 1, 0]"
no uts ok veno did shit play we had this situation from the start,"[0, 1, 0]"
then he cries,"[1, 0, 0]"
ssaid im noob tinker but u scared,"[0, 1, 0]"
that,"[1, 0, 0]"
ask your chingchong friend,"[0, 0, 1]"
he hates me because of his first death,"[1, 0, 0]"
did you open the shit out of it ,"[0, 1, 0]"
imma throw this shit for u,"[0, 1, 0]"
manners is me inside ur mother,"[0, 0, 1]"
certainly didnt take losing very well,"[1, 0, 0]"
how u to bee ind g orcle  ,"[0, 0, 1]"
watch us lose,"[1, 0, 0]"
thats rough,"[1, 0, 0]"
en tu base caca de mr,"[1, 0, 0]"
just trhone this,"[1, 0, 0]"
hf next game,"[1, 0, 0]"
how about persona ,"[1, 0, 0]"
ofc bro,"[1, 0, 0]"
i play safe boys,"[1, 0, 0]"
what the shit u spouting sir,"[0, 1, 0]"
how tf is techies   kills,"[0, 1, 0]"
what losers,"[0, 0, 1]"
retarded peruvian drow,"[0, 0, 1]"
jesus fucking christ,"[0, 0, 1]"
plz rep this mf acc buyer,"[0, 1, 0]"
come out idiot sup,"[0, 0, 1]"
lftif i dc please wait i am going to start my generator and waiting for the router internet thanks  ,"[1, 0, 0]"
wtf is that,"[0, 1, 0]"
why,"[1, 0, 0]"
rofl,"[1, 0, 0]"
whos your baby idiot ,"[0, 0, 1]"
is there alot of gays in philippines ,"[0, 0, 1]"
how i know its not a trap  lol,"[1, 0, 0]"
what a lsoer,"[0, 0, 1]"
the succ,"[1, 0, 0]"
u play like sht anyway,"[0, 0, 1]"
imagine talking shit then losing,"[0, 1, 0]"
mother good ,"[1, 0, 0]"
whoops sad that outlooud,"[1, 0, 0]"
end it tme pas game with noob,"[0, 1, 0]"
shes so ugly,"[0, 0, 1]"
didnt think you guys got this toxic lowkey xd,"[1, 0, 0]"
you are so retarded pudge,"[0, 0, 1]"
finish it,"[1, 0, 0]"
my team lost lanes to this shit,"[0, 1, 0]"
worth ,"[1, 0, 0]"
fuck you too,"[0, 0, 1]"
what was that,"[1, 0, 0]"
cant wait ,"[1, 0, 0]"
going for u,"[1, 0, 0]"
w in the chat boys,"[1, 0, 0]"
nice bug i cant see your stupid web,"[1, 0, 0]"
but is it gay if the balls don t touch,"[0, 0, 1]"
we fed on purpose,"[1, 0, 0]"
gg team,"[1, 0, 0]"
who wanna be carry ,"[1, 0, 0]"
i hope his work goes under so he can play more dota,"[1, 0, 0]"
what was that about fucking us up later ,"[0, 1, 0]"
clock,"[1, 0, 0]"
report od ty,"[1, 0, 0]"
undying did the mouse eat ur tongue   ,"[1, 0, 0]"
master of beasts    ,"[1, 0, 0]"
all day fucking dogshit games,"[0, 1, 0]"
with sniper,"[1, 0, 0]"
pleas,"[1, 0, 0]"
we deboosters are losing the rate  take push heroes  buy meteors  tide will go behind the tower in the mid and will stop creeps for   minutes  do not kill him ,"[1, 0, 0]"
pick pa if u like slobbering all over fat cocks til they fill ur belly with hot cum,"[0, 0, 1]"
rank      k matches,"[1, 0, 0]"
sorry you feel insulted,"[1, 0, 0]"
fking bs hero,"[0, 1, 0]"
team ,"[1, 0, 0]"
kaechana later comeback,"[1, 0, 0]"
dont wanna play this trash,"[0, 1, 0]"
ur an ugly whore anyways blue,"[0, 0, 1]"
i don t give a shit about your spic traditions,"[0, 1, 0]"
what happen when i dont play caore,"[1, 0, 0]"
rompan torres,"[1, 0, 0]"
undead should be segregated from the rest of us  ,"[1, 0, 0]"
still managed to walk  ,"[1, 0, 0]"
wow  such a little bitch  can t even reply normaly without insulting some one ,"[0, 1, 0]"
ok ok settle down and ill get off your mum,"[0, 0, 1]"
if youre triying to tilt me low skilled animal,"[0, 0, 1]"
fuk this cunt,"[0, 0, 1]"
ur fucking good,"[0, 1, 0]"
team diiot,"[0, 0, 1]"
carry or ruin,"[1, 0, 0]"
now trashtalking ,"[1, 0, 0]"
my ench flame me,"[1, 0, 0]"
maybe its his teammates,"[1, 0, 0]"
stop using that shit,"[0, 1, 0]"
mid mode whitemon  ,"[1, 0, 0]"
absolute dog shit toxic,"[0, 0, 1]"
only  ,"[1, 0, 0]"
oh now it is only a game ,"[1, 0, 0]"
ta has boots    naga is a wank hero,"[0, 1, 0]"
what,"[1, 0, 0]"
boa rs,"[1, 0, 0]"
how u survived both those fights   ,"[1, 0, 0]"
nice hero,"[1, 0, 0]"
the attack didnt hit,"[1, 0, 0]"
ur pick is shit,"[0, 0, 1]"
hes talking mad shit too,"[0, 1, 0]"
and shit on so many pos  and  ,"[0, 1, 0]"
the owner of the bear a gay ,"[0, 0, 1]"
how much ,"[1, 0, 0]"
pobistree spushu,"[1, 0, 0]"
fuck u i am the carry,"[0, 1, 0]"
right,"[1, 0, 0]"
thank,"[1, 0, 0]"
caming,"[1, 0, 0]"
and his wasting his life time on this game,"[1, 0, 0]"
suck my tiny pecker,"[0, 0, 1]"
ur mom where,"[0, 0, 1]"
imagine saying my tinker noob but still scared of my tinker and pick early hahahahahahahahah,"[0, 1, 0]"
wait for him,"[1, 0, 0]"
or smoe shit,"[0, 1, 0]"
you are not playing good  our afghan friends playing bad,"[1, 0, 0]"
so stupid offlaner ,"[0, 0, 1]"
son of whore rubick ,"[0, 0, 1]"
haters,"[1, 0, 0]"
for the first time,"[1, 0, 0]"
he went to masturbate,"[0, 1, 0]"
why you didnt pick ur friend wtf,"[0, 1, 0]"
we re learning dota this side of the river,"[1, 0, 0]"
easiest game of my life,"[1, 0, 0]"
my carry vs enemy carry,"[1, 0, 0]"
fat ass fuck,"[0, 0, 1]"
sounds something a boyt would say,"[1, 0, 0]"
this am is fucking the hottest trash,"[0, 0, 1]"
wtf thats maggie ,"[0, 1, 0]"
son of pig caught live on camera,"[0, 0, 1]"
dont pick me with bob,"[1, 0, 0]"
i think u like a dog,"[0, 0, 1]"
clown sf,"[0, 0, 1]"
phone  a couple of mins max,"[1, 0, 0]"
you are lower race,"[0, 0, 1]"
really,"[1, 0, 0]"
termine hdp ,"[1, 0, 0]"
we have a lil jungle bitch here,"[0, 0, 1]"
idiot this pudge,"[0, 0, 1]"
wtf racism,"[0, 1, 0]"
comenc me ty,"[1, 0, 0]"
report puck ffs,"[0, 1, 0]"
u can fisnih right now,"[1, 0, 0]"
classic    age,"[1, 0, 0]"
why so pussy ,"[0, 1, 0]"
dog storm cant backlane,"[0, 0, 1]"
who,"[1, 0, 0]"
no awareness frog,"[1, 0, 0]"
cant do shet wihout ur suport,"[0, 1, 0]"
stil lthere,"[1, 0, 0]"
trashcunt,"[0, 0, 1]"
just as noob as you are    ,"[0, 1, 0]"
i fucking called it    sec in advance,"[0, 1, 0]"
who the fuck,"[0, 1, 0]"
really strong series guys,"[1, 0, 0]"
please let us win,"[1, 0, 0]"
thanks for coming,"[1, 0, 0]"
everyone on my team should neck themselves,"[1, 0, 0]"
that s why u start typing,"[1, 0, 0]"
ulises bueno  rusherking  big one   mentiras   crossover  ,"[1, 0, 0]"
pls own him,"[1, 0, 0]"
when we had so fck trash pick,"[0, 1, 0]"
my suport is noob as fk,"[0, 0, 1]"
but brown,"[1, 0, 0]"
trying so fucking hard to throw since lvl  ,"[0, 1, 0]"
toxic,"[1, 0, 0]"
why always wanna chase me,"[1, 0, 0]"
okay but your sister put her bed next to mine,"[1, 0, 0]"
trash drow,"[0, 0, 1]"
fukion ez ching chongs,"[0, 0, 1]"
sht cunt techies,"[0, 0, 1]"
what a trash pub,"[0, 1, 0]"
i say to them,"[1, 0, 0]"
good handicap for us,"[1, 0, 0]"
your parents never loved you  adopted cunt,"[0, 0, 1]"
this team scare,"[1, 0, 0]"
frc,"[1, 0, 0]"
lol he is a fat kid,"[0, 0, 1]"
its rly broken shit,"[0, 1, 0]"
useless enemy team also cant end,"[0, 0, 1]"
whore,"[1, 0, 0]"
yes we are noobs ,"[0, 1, 0]"
whity boyy,"[0, 0, 1]"
it was great ,"[1, 0, 0]"
timber sucks vs me and undying,"[0, 1, 0]"
despite both mid and offlane super feeding,"[1, 0, 0]"
do u already try new pudge set ,"[1, 0, 0]"
can end i destroy my item already,"[1, 0, 0]"
clowns,"[1, 0, 0]"
play genshin,"[1, 0, 0]"
why waste your own time,"[1, 0, 0]"
im here to bang bitches and own noobs,"[0, 0, 1]"
they didnt pick a single,"[1, 0, 0]"
clown carry ,"[0, 0, 1]"
bark for me cory your handler said it was allowed,"[0, 0, 1]"
when u r losing raxes now,"[1, 0, 0]"
i m a fucking hooker,"[0, 1, 0]"
actually dont touch his blade thanks,"[1, 0, 0]"
really really ez,"[1, 0, 0]"
you are so shit lmao,"[0, 1, 0]"
stop playing,"[1, 0, 0]"
you are the most skilled archon ive ever seen,"[1, 0, 0]"
disugsting gross filth race,"[0, 0, 1]"
it helps,"[1, 0, 0]"
hitting towers,"[1, 0, 0]"
aw shiet,"[0, 1, 0]"
end chicas,"[1, 0, 0]"
what a trash game,"[1, 0, 0]"
but didnt specify which game,"[1, 0, 0]"
mather  d,"[1, 0, 0]"
playing  wth rightclick hero,"[1, 0, 0]"
dont talk son of whore,"[0, 0, 1]"
ez indio,"[0, 0, 1]"
se distrae intentando matarme ta k abuso,"[1, 0, 0]"
not my fault u so fucking garbo bro ,"[0, 1, 0]"
yeah your history is fucking bad xdd,"[0, 1, 0]"
pablo hater,"[1, 0, 0]"
good top,"[1, 0, 0]"
braindead rus,"[0, 0, 1]"
giving you some chocolate flavoured kisses,"[1, 0, 0]"
thanks m ,"[1, 0, 0]"
more party games,"[1, 0, 0]"
can one of you play offlane,"[1, 0, 0]"
win yet ,"[1, 0, 0]"
more like watch if you want your eyes to beleed,"[1, 0, 0]"
but we will win,"[1, 0, 0]"
see for waht sniper  ,"[1, 0, 0]"
whats up,"[1, 0, 0]"
useless snap   brain,"[0, 0, 1]"
you played too scared mid qop,"[1, 0, 0]"
straight guys thank you,"[1, 0, 0]"
imagine saying my tinker noob but still scared of my tinker and pick early hahahahahahahahah,"[0, 1, 0]"
hard to be the best,"[1, 0, 0]"
we have a retarded qop,"[0, 0, 1]"
you suck my dick before sleep,"[0, 0, 1]"
inting the whole fucking game,"[0, 1, 0]"
you know  i didn t wanna go bkb tinker  but you re not giving me many options with your fucking laser  ,"[0, 1, 0]"
had a dream there didnt ya pa,"[1, 0, 0]"
one more g pls ,"[1, 0, 0]"
glad ur a good sport about it,"[1, 0, 0]"
rep trash smurf sf,"[0, 0, 1]"
acc buyer noob,"[0, 0, 1]"
codex pissing or sth,"[1, 0, 0]"
just rtarded support on my side,"[0, 0, 1]"
losing mid badly then tinker fucked all lanes ,"[0, 1, 0]"
imagine throwing this game,"[1, 0, 0]"
both are designed to annoy ur opponent,"[1, 0, 0]"
throne nuugers,"[1, 0, 0]"
scared bc ur mid is noob,"[0, 1, 0]"
dude promise got     ping then morph lose top,"[1, 0, 0]"
to prove i can cancel with grenade,"[1, 0, 0]"
u guys lose the time,"[1, 0, 0]"
our carry is too gay,"[0, 0, 1]"
see he then only can kill meepo,"[1, 0, 0]"
worth it,"[1, 0, 0]"
coming,"[1, 0, 0]"
im re mute you but just know you had   chance at life  and you re a chink,"[1, 0, 0]"
does fly works on clones ,"[1, 0, 0]"
seal totem not jump in this barrier,"[1, 0, 0]"
thron,"[1, 0, 0]"
he s wiping the poop off his face,"[0, 0, 1]"
wp wp attempt to survive,"[1, 0, 0]"
both drow and noob ogre,"[0, 0, 1]"
t fnm,"[1, 0, 0]"
like your mothers,"[1, 0, 0]"
report who,"[1, 0, 0]"
whats wrong noob,"[0, 1, 0]"
it was so traumatic,"[1, 0, 0]"
weak ass bitch,"[0, 0, 1]"
ready,"[1, 0, 0]"
tim anjing,"[0, 0, 1]"
are you some kind of retard bro,"[0, 1, 0]"
what is he supposed to do   ,"[1, 0, 0]"
he is dumb,"[0, 0, 1]"
and then fucking lose,"[0, 1, 0]"
or feed on mid,"[1, 0, 0]"
timber last pick,"[1, 0, 0]"
in your mothers mouth,"[0, 0, 1]"
wtf is that shockwave hook interaction lmfao,"[0, 1, 0]"
too bad i have   rapier,"[1, 0, 0]"
i was so unsure to do next,"[1, 0, 0]"
he wont back bro,"[1, 0, 0]"
choppp,"[1, 0, 0]"
kill my currier,"[1, 0, 0]"
chrono the sky guys,"[1, 0, 0]"
to all chat,"[1, 0, 0]"
upset he was born in a country where they are born with small willies,"[0, 0, 1]"
low brain,"[0, 0, 1]"
can we go next,"[1, 0, 0]"
who tf is steven,"[0, 1, 0]"
kick this fking shaker,"[0, 0, 1]"
rosh worth it ,"[1, 0, 0]"
this idiot dont know to paly,"[0, 0, 1]"
you are still crying,"[1, 0, 0]"
out sniper sight,"[1, 0, 0]"
u can own only invoker actor players,"[1, 0, 0]"
grow the fuck up mongol,"[0, 1, 0]"
can u ff this shit xd,"[0, 1, 0]"
when u supp a noob team,"[0, 1, 0]"
g throne,"[1, 0, 0]"
way better than us,"[1, 0, 0]"
i cant play with  iq fcker,"[0, 1, 0]"
best team i had in months,"[1, 0, 0]"
you pick fucking undying every game,"[0, 1, 0]"
vvverry nice ,"[1, 0, 0]"
sucks to be you,"[0, 0, 1]"
clown,"[1, 0, 0]"
and juggernaut has a manta style and nothing because he decided the best thing to do once his lane was fucked was    nothing for    minutes,"[0, 1, 0]"
ogre is guardian or somethign,"[1, 0, 0]"
cant win alt ,"[1, 0, 0]"
dont tal to me,"[1, 0, 0]"
how the fuck you lost,"[0, 1, 0]"
cry please,"[1, 0, 0]"
nothing,"[1, 0, 0]"
fuck u bot scared dog,"[0, 0, 1]"
why do so many rtards play this game,"[0, 1, 0]"
imagine saying my tinker noob but still scared of my tinker and pick early hahahahahahahahah,"[0, 1, 0]"
fucking cancer,"[0, 1, 0]"
what,"[1, 0, 0]"
wtf is that walrus,"[0, 1, 0]"
losing to nt mider,"[1, 0, 0]"
finally lol,"[1, 0, 0]"
earth spirit,"[1, 0, 0]"
our venge is very mad  cause his mom still holding his winky while playing,"[0, 0, 1]"
chad player,"[1, 0, 0]"
next time dont es offlane bro  cant initiate just wait like pussy,"[0, 1, 0]"
wp imbecile,"[0, 0, 1]"
my fucking,"[0, 1, 0]"
bitch ass,"[0, 0, 1]"
oh sorry i meant pignoy,"[0, 0, 1]"
throne,"[1, 0, 0]"
you die first then you can tp as cold corpse,"[1, 0, 0]"
and know everything ,"[1, 0, 0]"
idiot low rank,"[0, 0, 1]"
your pos   has double the nw of my jugg   ,"[1, 0, 0]"
stack reports for this clowny ruiner on treant,"[0, 0, 1]"
party with broky,"[1, 0, 0]"
yeash ,"[1, 0, 0]"
u are the idiot,"[0, 0, 1]"
crawl back into that pig sty lil worm,"[0, 0, 1]"
report them all please  such retardness,"[0, 1, 0]"
i would have same score as faireye,"[1, 0, 0]"
here to save toronto,"[1, 0, 0]"
puck got stomped mid but otherwise didnt do so bad,"[1, 0, 0]"
uck up bort,"[0, 1, 0]"
tough bot,"[1, 0, 0]"
im solo play when spirit br and shaman suck dick,"[0, 0, 1]"
watch out lads  this qop is farming while you fuck around top ,"[0, 1, 0]"
only ld and meepo,"[1, 0, 0]"
son of whore,"[0, 0, 1]"
fuck russian,"[0, 0, 1]"
toxcic,"[1, 0, 0]"
today im ur captain,"[1, 0, 0]"
when u re qop ,"[1, 0, 0]"
omg topson build,"[1, 0, 0]"
tangina mop  ,"[0, 0, 1]"
stop wasting our times,"[1, 0, 0]"
not that intimidating,"[1, 0, 0]"
wtf is your problem,"[0, 1, 0]"
my wit and your mom have that in common,"[1, 0, 0]"
before putin bomb you,"[0, 0, 1]"
clowns,"[1, 0, 0]"
hard to play line with rtard like you,"[0, 0, 1]"
am ,"[1, 0, 0]"
trash carry ,"[0, 0, 1]"
he s logic is he is noob,"[0, 1, 0]"
i nvr talk to u before tho,"[1, 0, 0]"
rapieira first item and gg,"[1, 0, 0]"
chase me sniper,"[1, 0, 0]"
look at my wk score,"[1, 0, 0]"
fuck u,"[0, 0, 1]"
u lose   wisdom haha trash lol,"[0, 1, 0]"
i m cashing     s,"[1, 0, 0]"
party with peksudota ,"[1, 0, 0]"
cool throne,"[1, 0, 0]"
have you everrr,"[1, 0, 0]"
why u not in my teamxd,"[1, 0, 0]"
my words exactlyu xdddddddddd,"[1, 0, 0]"
clown meepo,"[0, 0, 1]"
carepichulas,"[1, 0, 0]"
fking trash supp,"[0, 0, 1]"
no he need brains,"[0, 0, 1]"
bought mkb,"[1, 0, 0]"
english and education,"[1, 0, 0]"
aint no way im playing against doctor sex,"[0, 1, 0]"
not a sea end ,"[1, 0, 0]"
suck my dick la,"[0, 0, 1]"
how many guys have fucked your mother when u were watching ,"[0, 0, 1]"
rofl,"[1, 0, 0]"
oh it is you devil icon,"[1, 0, 0]"
sound,"[1, 0, 0]"
that acorn got me fucked up,"[0, 1, 0]"
fu c,"[0, 1, 0]"
toxic is making me play with u,"[1, 0, 0]"
low rank animal,"[0, 0, 1]"
cyka,"[1, 0, 0]"
fucking pathetic,"[0, 1, 0]"
you got assisted by a centaur,"[1, 0, 0]"
thanks to wr,"[1, 0, 0]"
that chrono fuked ya,"[0, 1, 0]"
random or pussy,"[0, 1, 0]"
rebooting my laptop changed nothing   ,"[1, 0, 0]"
where ur mom now od,"[0, 0, 1]"
   observer    secntry in shop all game with   sup,"[1, 0, 0]"
can we all take a moment to breathe and just not play for a minute or two,"[1, 0, 0]"
can u do something ,"[1, 0, 0]"
she likes to drink cum to get into high mmr games,"[0, 1, 0]"
leaving sniper alone,"[1, 0, 0]"
did you shit in my pants,"[0, 1, 0]"
finally u called me,"[1, 0, 0]"
i report necro if u scrim rightr now,"[1, 0, 0]"
cumback ,"[0, 1, 0]"
not this game mate,"[1, 0, 0]"
ty ,"[1, 0, 0]"
marta  lpds and irevall sending their regards thron,"[1, 0, 0]"
let me out of this shitshow,"[0, 1, 0]"
im a terrorist,"[1, 0, 0]"
k ricooo,"[1, 0, 0]"
gl to new player invok,"[1, 0, 0]"
ind g poor country ,"[0, 0, 1]"
thats why you are guardian you idiot,"[0, 0, 1]"
rctm,"[1, 0, 0]"
hope u report this iodiot,"[0, 0, 1]"
see that,"[1, 0, 0]"
thats a shame,"[1, 0, 0]"
that arrowe,"[1, 0, 0]"
whity i will show you now how to play offlane,"[0, 0, 1]"
i play too much sd tbh,"[1, 0, 0]"
wtf is worng with u people  ,"[0, 1, 0]"
who will take it,"[1, 0, 0]"
grandma on fire ,"[1, 0, 0]"
annoying piece of shit,"[0, 0, 1]"
why you so silence         ,"[1, 0, 0]"
fuck u whore mother,"[0, 0, 1]"
welcome back,"[1, 0, 0]"
fu cheater,"[0, 0, 1]"
big mouth,"[1, 0, 0]"
learn english,"[1, 0, 0]"
dont over try sp cs,"[1, 0, 0]"
csmr,"[1, 0, 0]"
i knew you will come,"[1, 0, 0]"
bruh it deserved it,"[1, 0, 0]"
this fucking timber makes me sick,"[0, 1, 0]"
smegma in your cock,"[0, 0, 1]"
yes yes you fk you mom we all know now shut up and play,"[0, 0, 1]"
the two shit noobs ,"[0, 0, 1]"
no se banca   skill,"[1, 0, 0]"
this am is amazing,"[1, 0, 0]"
this game,"[1, 0, 0]"
report np guys ty,"[1, 0, 0]"
this dog say me  use tp,"[0, 0, 1]"
oy pick fast,"[1, 0, 0]"
wtf primal ,"[0, 1, 0]"
sup ind g ,"[0, 0, 1]"
how u know that noob ,"[0, 1, 0]"
waiting for you guys to say  end ,"[1, 0, 0]"
nice throw ,"[1, 0, 0]"
my mid is retarded,"[0, 1, 0]"
so useless this zeus  wanna bm,"[0, 0, 1]"
gg and fuck putin,"[0, 0, 1]"
take it easy bros ,"[1, 0, 0]"
fucking retard unreal,"[0, 0, 1]"
ty for wasting    min,"[1, 0, 0]"
whos playing pikmin  ,"[1, 0, 0]"
because thats what i queued for,"[1, 0, 0]"
sin carry,"[1, 0, 0]"
antiogamer,"[1, 0, 0]"
imagine saying my tinker noob but still scared of my tinker and pick early hahahahahahahahah,"[0, 1, 0]"
btch,"[0, 1, 0]"
who this gay axe,"[0, 0, 1]"
match,"[1, 0, 0]"
esp this dazzle,"[1, 0, 0]"
we ll give you rampage,"[1, 0, 0]"
i dont want ot play this,"[1, 0, 0]"
suck sucky,"[0, 0, 1]"
my supports will let you,"[1, 0, 0]"
why bane   im sketcher fan    ,"[1, 0, 0]"
is he good ,"[1, 0, 0]"
    match fucking smurf,"[0, 1, 0]"
my axe cant tank for shit so i gotta step up,"[0, 1, 0]"
party with uzbek or ruin,"[1, 0, 0]"
why the fuck,"[0, 1, 0]"
buy another crimson nerd,"[1, 0, 0]"
treant,"[1, 0, 0]"
you guys been called absolute morons before ,"[0, 1, 0]"
fukll of fucking noobs,"[0, 0, 1]"
cry baby stormieeee,"[0, 0, 1]"
tell me why so ez,"[1, 0, 0]"
thanks to ur teammate,"[1, 0, 0]"
u fuckign clowns,"[0, 0, 1]"
pause reason ,"[1, 0, 0]"
razor is such a tryhard faggot,"[0, 0, 1]"
heartless bear,"[1, 0, 0]"
yeah  this match unbalanced as fuck,"[0, 1, 0]"
yep  died   times in a row,"[1, 0, 0]"
might wanna get that examined,"[1, 0, 0]"
this mid and safelane   ,"[1, 0, 0]"
    accident don t even know how i did that,"[1, 0, 0]"
report anti and magnus,"[1, 0, 0]"
i thought all of u,"[1, 0, 0]"
rape ur own mom pa,"[0, 0, 1]"
if my venges mom isnt a fat fucking whore,"[0, 0, 1]"
same with bot,"[1, 0, 0]"
i m supposed to call you my brother  and your dog of a gf is your love,"[0, 0, 1]"
whats,"[1, 0, 0]"
ill report u and pa,"[1, 0, 0]"
herec,"[1, 0, 0]"
we fckng lost,"[0, 1, 0]"
no need to be cunts about it ,"[0, 1, 0]"
my team noob,"[0, 0, 1]"
invis  bitch wins again ,"[0, 1, 0]"
stupid bot s,"[0, 0, 1]"
what low mental fortitude,"[1, 0, 0]"
learn before u talk sh it tard,"[0, 0, 1]"
who needs a shard,"[1, 0, 0]"
more noob dotn know  timing of rs,"[0, 1, 0]"
basher troll though,"[1, 0, 0]"
its free,"[1, 0, 0]"
i dont speak ching chonmg,"[0, 0, 1]"
need mana fucker,"[0, 1, 0]"
distrupter says its ease    ,"[1, 0, 0]"
for griefing now,"[1, 0, 0]"
how did she get this farm  ,"[1, 0, 0]"
while fucking her ass,"[0, 0, 1]"
thanks,"[1, 0, 0]"
yeees  no spin,"[1, 0, 0]"
need a paws ,"[1, 0, 0]"
really,"[1, 0, 0]"
push ftw,"[1, 0, 0]"
nah    min que didnty expect game,"[1, 0, 0]"
asi me gusta,"[1, 0, 0]"
rofl,"[1, 0, 0]"
with this timber on my team,"[1, 0, 0]"
where tips wtf,"[0, 1, 0]"
sound slike he has throat cancer,"[1, 0, 0]"
next,"[1, 0, 0]"
but why linken,"[1, 0, 0]"
that is fucking retarded,"[0, 1, 0]"
spec cant cs top,"[1, 0, 0]"
tang ina,"[0, 1, 0]"
or what other shithole u from,"[0, 1, 0]"
it s ok,"[1, 0, 0]"
when the tiger hungry he eats ,"[1, 0, 0]"
when u go,"[1, 0, 0]"
he noob in short,"[0, 1, 0]"
three mothers,"[1, 0, 0]"
trash ,"[0, 1, 0]"
no fucking shit  you re puck,"[0, 1, 0]"
i gape her and fuck her ass,"[0, 0, 1]"
i dont know what happen toi this sht team,"[0, 0, 1]"
mad at that tb,"[1, 0, 0]"
fcuk this qop,"[0, 0, 1]"
well our void also sucks,"[0, 0, 1]"
nah that s rank,"[1, 0, 0]"
boring,"[1, 0, 0]"
not,"[1, 0, 0]"
namo    troll or retarded ,"[0, 0, 1]"
whati n the fuck,"[0, 1, 0]"
great fucking job od,"[0, 1, 0]"
last pick timber ,"[1, 0, 0]"
where is ur item ,"[1, 0, 0]"
down syndrome monkey,"[0, 0, 1]"
thanks,"[1, 0, 0]"
timber is casting his spells  his eyes are slightly more fucked than his cousins at family reunion  so he keeps thinking he is playing pudge,"[0, 0, 1]"
if u reach top     they said,"[1, 0, 0]"
nyxs mom is sucking me off rn,"[0, 0, 1]"
ur big mouth to rank   ,"[1, 0, 0]"
f u idiot lc  when we gank u were always jungle early game,"[0, 0, 1]"
piss off pa,"[1, 0, 0]"
he s cmming back fasat,"[1, 0, 0]"
gg this underlord pussy,"[0, 0, 1]"
u deserve nothing,"[1, 0, 0]"
for what,"[1, 0, 0]"
in arabic ,"[1, 0, 0]"
nailed it,"[1, 0, 0]"
learning,"[1, 0, 0]"
hey jakiro whorechild,"[0, 0, 1]"
who can carry or    ,"[1, 0, 0]"
nothing,"[1, 0, 0]"
im created by god,"[1, 0, 0]"
fucking trahs,"[0, 0, 1]"
lol that enigma,"[1, 0, 0]"
still cant win to me,"[1, 0, 0]"
and they still fail like dog,"[0, 0, 1]"
lycan my ass xd,"[0, 1, 0]"
warlock stfu noob,"[0, 0, 1]"
if u new who i was i wudnt talk shit   me   ,"[0, 1, 0]"
getting this shit rng,"[0, 1, 0]"
omg what a fucker,"[0, 1, 0]"
missed cs  ,"[1, 0, 0]"
even ur own team,"[1, 0, 0]"
win pls ,"[1, 0, 0]"
retarded offlane,"[0, 0, 1]"
f ur mom russian in dota,"[0, 0, 1]"
its arc warden o clock,"[1, 0, 0]"
u guys ok or what,"[1, 0, 0]"
try my asshole,"[0, 0, 1]"
going in tower hit range,"[1, 0, 0]"
you know it works when you re dead right ,"[1, 0, 0]"
ofcourse,"[1, 0, 0]"
fuickl u,"[0, 0, 1]"
you are lower than me cockspaghetti,"[0, 1, 0]"
ur mid is so trash,"[0, 0, 1]"
nice od afk,"[1, 0, 0]"
me la cachee,"[1, 0, 0]"
you were given a free game,"[1, 0, 0]"
this es,"[1, 0, 0]"
such a hate boner,"[0, 1, 0]"
ursa reported for being  a dog,"[0, 0, 1]"
probs fuckin goats,"[0, 1, 0]"
scaredy shits ,"[0, 0, 1]"
pick sd and mirana without combo,"[1, 0, 0]"
every game i play with idiots    ,"[0, 1, 0]"
that  ,"[1, 0, 0]"
im gonna go play overwatch fuck this,"[0, 1, 0]"
she cant do shit,"[0, 1, 0]"
like fuck off cunt,"[0, 1, 0]"
end please i got the rtard team again ,"[0, 0, 1]"
weirdest shit ive ever seen,"[0, 1, 0]"
idk wtf my team is doing,"[0, 1, 0]"
what,"[1, 0, 0]"
end this boring ass game,"[1, 0, 0]"
fuck why pigg jugg,"[0, 1, 0]"
report gay jugg,"[0, 0, 1]"
report ty,"[1, 0, 0]"
will sup only with boom,"[1, 0, 0]"
they said supp  st,"[1, 0, 0]"
fk off spe,"[0, 1, 0]"
i ate a shit ton of broccoli,"[0, 1, 0]"
i fuck both of ur gay fyucking faggot dads,"[0, 0, 1]"
pa throwing,"[1, 0, 0]"
to base,"[1, 0, 0]"
  sitting in base,"[1, 0, 0]"
he scared,"[1, 0, 0]"
ibs is not a handicap,"[1, 0, 0]"
you are shit player bro come on ,"[0, 0, 1]"
learn from replay ok  ,"[1, 0, 0]"
low mmr trash,"[0, 0, 1]"
any offlaner,"[1, 0, 0]"
stop this shit ,"[0, 1, 0]"
noob carry jugg,"[0, 0, 1]"
hhilarious rubick,"[1, 0, 0]"
tellme what do u wantfrom me  ,"[1, 0, 0]"
bzm also tilted ,"[1, 0, 0]"
i have     winrate tq bro,"[1, 0, 0]"
shut up nigger go back to candyland,"[0, 0, 1]"
that stupd,"[0, 1, 0]"
wtf just rat ,"[0, 1, 0]"
but ur team left u,"[1, 0, 0]"
throne it up ,"[1, 0, 0]"
who banned naix,"[1, 0, 0]"
well not really  ytou were shit,"[0, 1, 0]"
first hit bash,"[1, 0, 0]"
stop walking to fountain,"[1, 0, 0]"
intro boy ,"[1, 0, 0]"
bro idk how to use this,"[1, 0, 0]"
packetloss,"[1, 0, 0]"
dont forget to report this faggot sb ,"[0, 0, 1]"
team afk,"[1, 0, 0]"
break items,"[1, 0, 0]"
  cis team,"[1, 0, 0]"
not in one team with manticore pls,"[1, 0, 0]"
was lost,"[1, 0, 0]"
crusader rank is tier of noobs,"[0, 0, 1]"
for a  rd world dog,"[0, 0, 1]"
 pior de todos,"[1, 0, 0]"
so its not fair then wtf,"[0, 1, 0]"
your ancient needs that much help ,"[1, 0, 0]"
on bot ,"[1, 0, 0]"
you and i,"[1, 0, 0]"
mine crying from beggining,"[1, 0, 0]"
fk ur country,"[0, 0, 1]"
sort of ,"[1, 0, 0]"
crash,"[1, 0, 0]"
easiest fucking top of my lfie,"[0, 1, 0]"
pause for him ,"[1, 0, 0]"
very hard,"[1, 0, 0]"
ks this nob g,"[0, 1, 0]"
luna once saw how her dad is fucking her another dad,"[0, 0, 1]"
u wont fight,"[1, 0, 0]"
can we swap report for ursa ,"[1, 0, 0]"
i know ur life is bullshit,"[0, 0, 1]"
noobs are   for   today,"[0, 0, 1]"
nice of you to come back to the lost lane enigma,"[1, 0, 0]"
fuck off,"[0, 1, 0]"
no tps team shit,"[0, 0, 1]"
hellow,"[1, 0, 0]"
actually hilarious ,"[1, 0, 0]"
ur not even there,"[1, 0, 0]"
you play the exact same hero,"[1, 0, 0]"
the goofy ass cookie,"[1, 0, 0]"
trash   low skill,"[1, 0, 0]"
lol big fucking brains on this puck,"[0, 1, 0]"
pudge go home man,"[1, 0, 0]"
but saberchad stronger,"[1, 0, 0]"
this is funny this hero got   fkin intellengence,"[0, 1, 0]"
when this dick head is whining already,"[0, 1, 0]"
help a brotha wet his willy,"[0, 0, 1]"
pls be nice,"[1, 0, 0]"
fuc off,"[0, 1, 0]"
always   dog suck my djck    ,"[0, 0, 1]"
nice off,"[1, 0, 0]"
wha mean,"[1, 0, 0]"
also our es,"[1, 0, 0]"
ubos tuloy kayo araw araw,"[1, 0, 0]"
in the name of allah,"[1, 0, 0]"
french plese,"[1, 0, 0]"
idiot as fuck,"[0, 1, 0]"
fair play i respect it,"[1, 0, 0]"
i ll steaaaal everything from youuu,"[1, 0, 0]"
beleive that you can kill more than a lowly lich,"[1, 0, 0]"
c an w e  end ,"[1, 0, 0]"
you were never gonna win with brad on your team anyway dude,"[1, 0, 0]"
  times my buttons were pressed,"[1, 0, 0]"
why me ,"[1, 0, 0]"
fuck this trashg shit,"[0, 0, 1]"
fucking retarded cunt,"[0, 0, 1]"
 the squirt is piss ,"[0, 1, 0]"
team idiots,"[0, 0, 1]"
trashcans,"[1, 0, 0]"
what a moron,"[0, 0, 1]"
ill roll for yous,"[1, 0, 0]"
jugger was really bad,"[1, 0, 0]"
u have reached a stage of the game where sniper understands how to play now,"[1, 0, 0]"
after the loss,"[1, 0, 0]"
in real life,"[1, 0, 0]"
 but ty ,"[1, 0, 0]"
his router isn t giving input output,"[1, 0, 0]"
wtf i thought offlane or jg huskar,"[0, 1, 0]"
i really fuckign tried,"[0, 1, 0]"
nothings gonna change the fact u son of whores are  k mmr ,"[0, 0, 1]"
sh currier,"[1, 0, 0]"
shove it up your ass,"[0, 0, 1]"
will not supp,"[1, 0, 0]"
ty free duel,"[1, 0, 0]"
phoenix w the drip,"[1, 0, 0]"
ez as ur mom was,"[0, 0, 1]"
this fucking,"[0, 1, 0]"
im higher rank  more people would watch me then your dumbass,"[1, 0, 0]"
wait for lc,"[1, 0, 0]"
where my archin gank all map,"[1, 0, 0]"
by the way a noob necro,"[0, 0, 1]"
and otehr times dont,"[1, 0, 0]"
literal definiton of a sore loser,"[0, 0, 1]"
retarded ape,"[0, 0, 1]"
youre lucky our bs built like a fucking offlane or something,"[0, 1, 0]"
nice shit  d ,"[0, 1, 0]"
then first hit tried it became dark xd dota wtf,"[0, 1, 0]"
noob will lose no matter how,"[0, 1, 0]"
report legion not playing his role,"[1, 0, 0]"
wat a trash,"[0, 1, 0]"
party with    ,"[1, 0, 0]"
cant speak for the others,"[1, 0, 0]"
my oflainer,"[1, 0, 0]"
win ,"[1, 0, 0]"
 nyx reported,"[1, 0, 0]"
      of gold xd,"[1, 0, 0]"
clowns,"[1, 0, 0]"
u know who is dick,"[0, 1, 0]"
u talk alot of shit for a game thats not won yet,"[0, 1, 0]"
what a loser,"[0, 0, 1]"
cu slabul asta de why so serious,"[1, 0, 0]"
so fuck it ,"[0, 1, 0]"
idiot how,"[0, 1, 0]"
how to win ,"[1, 0, 0]"
stupid carry,"[0, 0, 1]"
always kill me first,"[1, 0, 0]"
do i really hurt the ones i love   ,"[1, 0, 0]"
i think pl may be the top contender for gayest hero ,"[0, 0, 1]"
aight gg,"[1, 0, 0]"
hope atomic bomb will land their home,"[0, 0, 1]"
idiot team,"[0, 0, 1]"
thats only illu bro,"[1, 0, 0]"
tired of supporting fucking noobs,"[0, 0, 1]"
he prob gonna play better than this qop,"[1, 0, 0]"
idk man i have pos   talking shit to me all game when he picks alch pos   and feeds all game ,"[0, 1, 0]"
future and  or k can mid,"[1, 0, 0]"
worth,"[1, 0, 0]"
the fuck,"[0, 1, 0]"
     me when rape ur mom,"[0, 0, 1]"
rat fagot team,"[0, 0, 1]"
what piggy,"[0, 0, 1]"
why respect  ,"[1, 0, 0]"
throne,"[1, 0, 0]"
wtf was that idiot fish,"[0, 1, 0]"
fuck this night,"[0, 1, 0]"
sry its raining,"[1, 0, 0]"
with his low brain,"[0, 0, 1]"
ksh smurf or what  ,"[1, 0, 0]"
im not there retards,"[0, 0, 1]"
ty for win,"[1, 0, 0]"
you understand me now ,"[1, 0, 0]"
is fucking u in mid ,"[0, 1, 0]"
nt am,"[1, 0, 0]"
easy,"[1, 0, 0]"
he is retarded,"[0, 0, 1]"
im in discord with him,"[1, 0, 0]"
cool game,"[1, 0, 0]"
our  th is different,"[1, 0, 0]"
we literally cannot win because arc warden iwll never fight,"[1, 0, 0]"
 good game easy,"[1, 0, 0]"
btch,"[0, 1, 0]"
hilarious,"[1, 0, 0]"
ceb bto dne or feed ,"[1, 0, 0]"
tanga mo,"[0, 0, 1]"
pa is crying,"[1, 0, 0]"
toxic,"[1, 0, 0]"
tnagina ign pa lang,"[0, 1, 0]"
why you tip me unskilled bitch ,"[0, 0, 1]"
worst team ever,"[1, 0, 0]"
i thought meepo storm would get fucked this game,"[0, 1, 0]"
fuck off nabsters,"[0, 1, 0]"
was it worth it ,"[1, 0, 0]"
gg fuck this unedrlord,"[0, 0, 1]"
it s the same reason why you play so shit,"[0, 1, 0]"
but thats the peruvian way,"[1, 0, 0]"
lost to shitwrath,"[0, 1, 0]"
stupid cnt i got two for your one,"[0, 0, 1]"
and report the whores on puck and axe,"[0, 0, 1]"
god of stupid,"[0, 1, 0]"
also u swapped my storm,"[1, 0, 0]"
rat ass bitch,"[0, 0, 1]"
kinda free game for you,"[1, 0, 0]"
what are the fucking odds,"[0, 1, 0]"
classic road to  k guy,"[1, 0, 0]"
team is dogs,"[0, 0, 1]"
nice feed retard,"[0, 0, 1]"
name chinese,"[1, 0, 0]"
vacation in new jersey ,"[1, 0, 0]"
gay over,"[0, 0, 1]"
you re literally a retard,"[0, 0, 1]"
brat ty chego,"[1, 0, 0]"
is idiot pick veng,"[0, 1, 0]"
are you chingchong ,"[0, 0, 1]"
find me gay ,"[0, 1, 0]"
dont play with flowers if you want to get your arse tickled,"[1, 0, 0]"
did he kill anyone  ,"[1, 0, 0]"
suck my ass,"[0, 0, 1]"
u knwo why putin rape ur ass ,"[0, 0, 1]"
sorry to waste your time,"[1, 0, 0]"
for yourself,"[1, 0, 0]"
why do i need to cry  ,"[1, 0, 0]"
just go throne,"[1, 0, 0]"
willow suck it,"[1, 0, 0]"
sorry busy fucking ur motherss,"[0, 0, 1]"
  win worth    losses where you get shitstomped like this and paused like    times,"[0, 1, 0]"
trash offlane pa,"[0, 0, 1]"
witch brazilian nobb,"[0, 0, 1]"
fucking crybaby stealer bitch,"[0, 0, 1]"
me and fuck sippin,"[0, 1, 0]"
g throne,"[1, 0, 0]"
lose now ,"[1, 0, 0]"
and my   sits top with his thumb up his ass,"[0, 0, 1]"
u suck line for me all game,"[0, 0, 1]"
ok that was personal,"[1, 0, 0]"
shut up archon noob,"[0, 0, 1]"
more than there are minutes this game,"[1, 0, 0]"
how come visage never gets banned,"[1, 0, 0]"
fck u pl ahhaha,"[0, 0, 1]"
but this dude dont hahaha,"[1, 0, 0]"
ur not serious idiot,"[0, 1, 0]"
ez win for you,"[1, 0, 0]"
lmao u clowns,"[0, 0, 1]"
you killed me and got   level wtf,"[0, 1, 0]"
we can t kill jugg,"[1, 0, 0]"
you think im football  ,"[1, 0, 0]"
hand of midas  what a joke,"[1, 0, 0]"
so its ur fault noob,"[0, 0, 1]"
straight pls,"[1, 0, 0]"
toxic shit,"[0, 1, 0]"
if you re playin  me  keep it on the low cause my heart can t take it anymore,"[1, 0, 0]"
for sure,"[1, 0, 0]"
with a big nose,"[0, 0, 1]"
trash team,"[0, 0, 1]"
go thorne,"[1, 0, 0]"
disrupt mid from there you know its gg,"[1, 0, 0]"
thats mad racist,"[1, 0, 0]"
report brown,"[1, 0, 0]"
why you think you can talk to me  ,"[1, 0, 0]"
u do not count my friend,"[1, 0, 0]"
go fuck yourself ,"[0, 0, 1]"
what is sex ,"[0, 1, 0]"
acc buying son of whore,"[0, 0, 1]"
because es babysit,"[1, 0, 0]"
harosh,"[1, 0, 0]"
bro i need some crits fuck me ,"[0, 1, 0]"
crashed,"[1, 0, 0]"
nice catch retard  d,"[0, 1, 0]"
really,"[1, 0, 0]"
i feel like you should know,"[1, 0, 0]"
tri lane for what ,"[1, 0, 0]"
dick for living,"[0, 1, 0]"
racoon mid razor wins this,"[1, 0, 0]"
on the map,"[1, 0, 0]"
every day,"[1, 0, 0]"
what,"[1, 0, 0]"
use shell,"[1, 0, 0]"
wasting time ,"[1, 0, 0]"
imagine saying my tinker noob but still scared of my tinker and pick early hahahahahahahahah,"[0, 1, 0]"
this brood is a fatbitch,"[0, 0, 1]"
razor isnt carry ,"[1, 0, 0]"
pink u had him in ur team and  nd picked him,"[1, 0, 0]"
fucking brilliantly person here,"[0, 0, 1]"
second game useless team,"[0, 0, 1]"
wtf is up with you guys,"[0, 1, 0]"
thx go,"[1, 0, 0]"
cringe shit,"[0, 1, 0]"
pink dont pick me ty,"[1, 0, 0]"
omg no this trash no way,"[0, 1, 0]"
honestly prob best as   atm  had some luck there when i ve been core,"[1, 0, 0]"
i first picked pudge bro,"[1, 0, 0]"
why,"[1, 0, 0]"
u suck ember s fist,"[0, 0, 1]"
again all legends enemy team and my team archons,"[1, 0, 0]"
and fuck putin,"[0, 1, 0]"
ind g poor country ,"[0, 0, 1]"
i got baited,"[1, 0, 0]"
why,"[1, 0, 0]"
end your mom,"[0, 0, 1]"
so fucking stupid,"[0, 0, 1]"
what server  ,"[1, 0, 0]"
stupid ass bitch,"[0, 0, 1]"
no need for salt  qop is whiny enough as it is,"[1, 0, 0]"
very happy,"[1, 0, 0]"
very sad aint it s,"[1, 0, 0]"
undy low shit min    use go end gg and play    min,"[0, 1, 0]"
and u will have tip,"[1, 0, 0]"
click on his sniper avatar,"[1, 0, 0]"
stop aim me ,"[1, 0, 0]"
of my life,"[1, 0, 0]"
son of dog,"[0, 0, 1]"
now fucking kill your team,"[0, 1, 0]"
whatever  fuck putin,"[0, 1, 0]"
top,"[1, 0, 0]"
space cow is also always a gay hero,"[0, 0, 1]"
have an unsucked dick ,"[0, 1, 0]"
annnoying bitch,"[0, 0, 1]"
drow lowest rank in the team cant adjust,"[1, 0, 0]"
ur team so asshole,"[0, 0, 1]"
why cant i have some fucking common sense,"[0, 1, 0]"
already ,"[1, 0, 0]"
fuck this mars mother,"[0, 0, 1]"
i dont wanna play wtih some trash mopngolian and myasnmar players,"[1, 0, 0]"
good trade clowns   ,"[0, 0, 1]"
nyx just type virgin and u win,"[1, 0, 0]"
ignore our monkey io,"[0, 1, 0]"
my support is shet and useless,"[0, 0, 1]"
fucknig palying turn based rpg with qop here,"[0, 1, 0]"
they are farming u,"[1, 0, 0]"
hes new,"[1, 0, 0]"
why sell items wk  ,"[1, 0, 0]"
useless as your army,"[0, 0, 1]"
cancel charge pls ,"[1, 0, 0]"
when lc mom die she say ah,"[0, 0, 1]"
team worried about alch for what,"[1, 0, 0]"
bad draft with a shit tide player,"[0, 0, 1]"
please blue,"[1, 0, 0]"
idiot carry,"[0, 0, 1]"
fk u,"[0, 0, 1]"
he literally stand still,"[1, 0, 0]"
you die like the bitch you are,"[0, 0, 1]"
  fkin losers just can t seem to end,"[0, 0, 1]"
fuq off,"[0, 1, 0]"
thank fuck,"[0, 1, 0]"
bkb really fucked yall up huh,"[0, 1, 0]"
another great game,"[1, 0, 0]"
idiot tide,"[0, 0, 1]"
eayh bc sven mf support ,"[0, 1, 0]"
fight  e,"[1, 0, 0]"
he told,"[1, 0, 0]"
he had good reason its not ranked,"[1, 0, 0]"
bitch,"[0, 0, 1]"
im so fucking bad at this game,"[0, 1, 0]"
end this stupid game with stupid cores,"[0, 0, 1]"
u have gay hero,"[0, 0, 1]"
haters,"[1, 0, 0]"
fuck this game,"[0, 1, 0]"
wtf ur mom came back my ,"[0, 0, 1]"
fuck your mother in teh asshole,"[0, 0, 1]"
fucking apes,"[0, 0, 1]"
after this game,"[1, 0, 0]"
lc u r such a shit eater,"[0, 0, 1]"
riki got a fuciking fly ,"[0, 1, 0]"
a fuckcing fly on riki this game ,"[0, 1, 0]"
my team pause sorry,"[1, 0, 0]"
can we go next ,"[1, 0, 0]"
go to this whore,"[0, 0, 1]"
u understand that if by some miracle,"[1, 0, 0]"
with your mom,"[0, 0, 1]"
throne,"[1, 0, 0]"
did i fucked your mother  ,"[0, 0, 1]"
incompetenct cores blaming support,"[1, 0, 0]"
piece of trash,"[0, 0, 1]"
     to     ,"[1, 0, 0]"
pussy bitch,"[0, 0, 1]"
medalion or force,"[1, 0, 0]"
ching chong wanna be,"[0, 0, 1]"
that doesn count,"[1, 0, 0]"
wtf u talkin about ,"[0, 1, 0]"
stuid team,"[0, 0, 1]"
suck,"[1, 0, 0]"
wdym  you talk to me  st,"[1, 0, 0]"
seriously can you guys just end this shit,"[0, 1, 0]"
jugger playing world of warcraft killin creeps,"[1, 0, 0]"
i m divine   but i m fucking u in the ass xd,"[0, 0, 1]"
this invo is so trash,"[0, 0, 1]"
no buy still come out farm,"[1, 0, 0]"
dont rat man its so loserish,"[1, 0, 0]"
eather play or stop wasting time you idiots,"[0, 0, 1]"
imagine thinking u can go offlane wk first item fucking radiance lol,"[0, 1, 0]"
it seems your mom didnt breastfeed you yesterday,"[0, 0, 1]"
i cant understand that shit,"[0, 1, 0]"
you guys are tired,"[1, 0, 0]"
so is peru,"[1, 0, 0]"
beast u smell penis with cheese ,"[0, 0, 1]"
another notch,"[1, 0, 0]"
if you re playin  me  keep it on the low cause my heart can t take it anymore,"[1, 0, 0]"
fuckin pl pickers,"[0, 1, 0]"
get in the photo,"[1, 0, 0]"
our noob pa will farm till next year,"[0, 0, 1]"
and help,"[1, 0, 0]"
i want to try but  i dont have persona,"[1, 0, 0]"
all chat ,"[1, 0, 0]"
nice csing dog,"[0, 0, 1]"
  o,"[1, 0, 0]"
with the rotation bot,"[1, 0, 0]"
vs   creep waves,"[1, 0, 0]"
ill just slit your throat,"[0, 0, 1]"
depression is for pussies,"[0, 1, 0]"
let me see how good of a server u have ape ,"[0, 0, 1]"
so when you masturbate to sleep  do you press your knees together or wide apart like your asshole is ready to get reamed apart ,"[0, 0, 1]"
lycan tergentot sedunia  ,"[1, 0, 0]"
your morons were worse than our morons,"[0, 0, 1]"
btch,"[0, 1, 0]"
where swm,"[1, 0, 0]"
opinions on powell s increase in rates  ,"[1, 0, 0]"
ogre alone is raping them,"[0, 1, 0]"
cant hit us,"[1, 0, 0]"
report pudge and zeus total retards,"[0, 0, 1]"
fuck this broodmama,"[0, 0, 1]"
when hes learning hero,"[1, 0, 0]"
this shit jug jz simply say i die back,"[0, 1, 0]"
highlight,"[1, 0, 0]"
this mothfecfucker primal tp mid,"[0, 1, 0]"
puck are you done with your acrobatics ,"[1, 0, 0]"
he prob gay,"[0, 0, 1]"
sry for the waste of time    what a sht game ,"[0, 1, 0]"
sorry  i had a father in my life,"[1, 0, 0]"
cant believe the cumback,"[0, 1, 0]"
boring,"[1, 0, 0]"
grey screen,"[1, 0, 0]"
bh reported for griefing,"[1, 0, 0]"
benched for a reason,"[1, 0, 0]"
pa is crying cos got raped on top,"[0, 0, 1]"
damn ember you are pretty heavy to be allchatting,"[0, 1, 0]"
you are so retarded and bad,"[0, 0, 1]"
u boys are playing like its ti,"[1, 0, 0]"
we can tell,"[1, 0, 0]"
zzzz we have another depressive kiddo here,"[0, 0, 1]"
its literally just a game,"[1, 0, 0]"
but still noob,"[0, 1, 0]"
he s dead,"[1, 0, 0]"
use battlefury jugg,"[1, 0, 0]"
clown    ,"[1, 0, 0]"
my rubick is an impulsive son of whore whose mom dropped him at birth,"[0, 0, 1]"
wioth ur dogshit meepo ,"[0, 0, 1]"
and still fuck u easly,"[0, 1, 0]"
i only kill him twice lol,"[1, 0, 0]"
suck dick bitch,"[0, 0, 1]"
otucarrying rank  ,"[1, 0, 0]"
rosh all towers,"[1, 0, 0]"
stop playing u retards,"[0, 0, 1]"
and he cry like a dog,"[0, 0, 1]"
type,"[1, 0, 0]"
she is a man,"[1, 0, 0]"
this idiot cant fucking use  spells together,"[0, 0, 1]"
wtf is this,"[0, 1, 0]"
cory new player ,"[1, 0, 0]"
sf and nyx suck,"[0, 0, 1]"
surewin,"[1, 0, 0]"
i needed tha rune man   ,"[1, 0, 0]"
does eljean know your a faggot ,"[0, 0, 1]"
thank god i didnt have lastpick this game so pink is stuck with you puck,"[1, 0, 0]"
thats a nice streak  would be a shame if you lost it,"[1, 0, 0]"
fak how do u use this,"[0, 1, 0]"
lycan and silencer,"[1, 0, 0]"
china gonna rule the world,"[1, 0, 0]"
eziest game of my fucking life,"[0, 1, 0]"
need   or  ,"[1, 0, 0]"
dickhead moron,"[0, 0, 1]"
bbc for you this game,"[1, 0, 0]"
can u fuck off ,"[0, 1, 0]"
the fucking difference is when i target cm we win the fight,"[0, 1, 0]"
toxic,"[1, 0, 0]"
even when he is thanking me,"[1, 0, 0]"
the machine,"[1, 0, 0]"
u should try maybe meepo,"[1, 0, 0]"
the last pick uyndying,"[1, 0, 0]"
if you cant play core bro,"[1, 0, 0]"
because none of u idiots were there,"[0, 1, 0]"
what a noob sniper,"[0, 0, 1]"
learn english,"[1, 0, 0]"
muslim son of whore like u ,"[0, 0, 1]"
i hurt the ones i love,"[1, 0, 0]"
noob core ff underlord with vanguard xaxa,"[0, 0, 1]"
every fucking game,"[0, 1, 0]"
when u sex with a girl,"[1, 0, 0]"
won for u,"[1, 0, 0]"
ty bro,"[1, 0, 0]"
how the fuck,"[0, 1, 0]"
stfu tree,"[0, 1, 0]"
why no money idiot  ,"[0, 1, 0]"
afk is choice,"[1, 0, 0]"
he puts,"[1, 0, 0]"
party with eazy heart or ruin,"[1, 0, 0]"
i hope your cock werks,"[0, 0, 1]"
and report morf,"[1, 0, 0]"
i fuck your dad,"[0, 0, 1]"
wtf comback,"[0, 1, 0]"
nobody to follow up ,"[1, 0, 0]"
waste my csgo time,"[1, 0, 0]"
in chrono,"[1, 0, 0]"
carried by kka ,"[1, 0, 0]"
feeding,"[1, 0, 0]"
is fucking u ,"[0, 1, 0]"
the loudest are always the foolish,"[1, 0, 0]"
i honestly think,"[1, 0, 0]"
imagine saying my tinker noob but still scared of my tinker and pick early hahahahahahahahah,"[0, 1, 0]"
account buyer dog,"[0, 0, 1]"
pocanam legche budet,"[1, 0, 0]"
this idiot chasing bs,"[0, 0, 1]"
wtf is that radius,"[0, 1, 0]"
whats is country krym ,"[1, 0, 0]"
our noob timber ,"[0, 0, 1]"
too many apes,"[0, 0, 1]"
want some ethereal ,"[1, 0, 0]"
hoy tang ina mo bobo ka sa mid,"[0, 0, 1]"
eat my entire ass,"[0, 0, 1]"
who was the noob  bh ,"[0, 1, 0]"
hope your retarded mother dies in front of your eyes,"[0, 0, 1]"
stupid bitch woman cm,"[0, 0, 1]"
why bro ,"[1, 0, 0]"
this idiot,"[0, 1, 0]"
cachandote,"[1, 0, 0]"
pa fed   kills though,"[1, 0, 0]"
whos gonna carry the retards,"[0, 1, 0]"
unpause ,"[1, 0, 0]"
wtf sk think he is,"[0, 1, 0]"
ok then,"[1, 0, 0]"
we wait for sf ,"[1, 0, 0]"
your mother takes my banana,"[0, 0, 1]"
fuck that guy,"[0, 1, 0]"
cant support thsi shit noob teammates,"[0, 0, 1]"
he s a greedy bastard   ,"[0, 1, 0]"
who,"[1, 0, 0]"
fk u play ur rank cunt,"[0, 0, 1]"
first win,"[1, 0, 0]"
as a whole,"[1, 0, 0]"
enjoy this treads dog pos  with you next,"[0, 0, 1]"
ass hole spotted,"[0, 0, 1]"
from the lane,"[1, 0, 0]"
clinkz is trash,"[0, 0, 1]"
 c,"[1, 0, 0]"
  morons atacking pudge non stop,"[0, 1, 0]"
nice actor chingchong,"[0, 0, 1]"
i was just tryna chill man wtf lol,"[0, 1, 0]"
two aghs,"[1, 0, 0]"
pick pa again and u lose idiot,"[0, 0, 1]"
exactly  be quiet then,"[1, 0, 0]"
did you try one shotting your parents dissapointment ,"[0, 1, 0]"
or your noob ,"[0, 1, 0]"
fucking monkeys in team,"[0, 0, 1]"
send to gof,"[1, 0, 0]"
ashei fassio,"[1, 0, 0]"
how is everyone doing    ,"[1, 0, 0]"
pls wait,"[1, 0, 0]"
who,"[1, 0, 0]"
i mean no,"[1, 0, 0]"
why u use chat ,"[1, 0, 0]"
offlane feeders and abusers,"[1, 0, 0]"
we want to play fair,"[1, 0, 0]"
can you fuck off ,"[0, 1, 0]"
green is talking shit yall,"[0, 1, 0]"
see the difference in my and jug lvl n farms,"[1, 0, 0]"
we have noob drow and pudge,"[0, 0, 1]"
worst subhuman,"[1, 0, 0]"
o home he imortal,"[1, 0, 0]"
world full of gays,"[0, 0, 1]"
help us report this trash fuck pa,"[0, 0, 1]"
try hard moron marci,"[0, 0, 1]"
ina mall ,"[0, 0, 1]"
gg close game,"[1, 0, 0]"
horribl,"[1, 0, 0]"
than ua re gay,"[0, 0, 1]"
where is lina ,"[1, 0, 0]"
when ur carry sucks y lose,"[0, 1, 0]"
i bet you bought that as divine and now legend,"[1, 0, 0]"
not reporting am,"[1, 0, 0]"
ur mom ugly bitch,"[0, 0, 1]"
wtf is that jump,"[0, 1, 0]"
sorrey my contempt for the stupid fucking cunt am got in the way,"[0, 0, 1]"
feed too much,"[1, 0, 0]"
was playing with my tongue noobkid,"[0, 1, 0]"
 head,"[1, 0, 0]"
just end this,"[1, 0, 0]"
go finish  noob team ,"[0, 1, 0]"
fucking clutch,"[0, 1, 0]"
i hope you think about this xd,"[1, 0, 0]"
how long before out of legend,"[1, 0, 0]"
why dont u just send your mom instead of vitamin b,"[0, 0, 1]"
rofl,"[1, 0, 0]"
imagine playing    k games but still plays like that,"[1, 0, 0]"
mid go they cant def,"[1, 0, 0]"
u was rape pos   bro,"[0, 1, 0]"
wtf go mext ,"[0, 1, 0]"
i prefer abuse but doing shit then this dusa,"[0, 1, 0]"
dont know,"[1, 0, 0]"
wtf how come od legend vs me cruseder wtf,"[0, 1, 0]"
fucking ti players in legend,"[0, 1, 0]"
wr leave the game    make your team stronger you rretard,"[0, 0, 1]"
wtf rs,"[0, 1, 0]"
the good old mom card when you suck so hard you have to use it,"[1, 0, 0]"
every   minutes,"[1, 0, 0]"
idiot earthshaker bot,"[0, 0, 1]"
why man  p,"[1, 0, 0]"
you are mouse and noob,"[0, 0, 1]"
such a shit ember spirit as well,"[0, 0, 1]"
hey clown look top,"[0, 0, 1]"
party with uzbek or ruin,"[1, 0, 0]"
death and woe to all ruzzians,"[1, 0, 0]"
sorrty,"[1, 0, 0]"
typical,"[1, 0, 0]"
cue benny hill music,"[1, 0, 0]"
imagine saying my tinker noob but still scared of my tinker and pick early hahahahahahahahah,"[0, 1, 0]"
go fuck off,"[0, 1, 0]"
funny thing,"[1, 0, 0]"
report warlock,"[1, 0, 0]"
it should say safe to leave,"[1, 0, 0]"
your mums pretty easy,"[0, 0, 1]"
f off virgin,"[0, 0, 1]"
u cant even stun a player haha,"[0, 0, 1]"
i jsut said my first game is nice game,"[1, 0, 0]"
push mid clown,"[0, 0, 1]"
nah actually fuck undying,"[0, 1, 0]"
that bad ,"[1, 0, 0]"
yes ur whole family all trash lsoer,"[0, 0, 1]"
can you faggots stop pausing,"[0, 0, 1]"
ember son of a whore,"[1, 0, 0]"
catch me,"[1, 0, 0]"
for what tard,"[0, 1, 0]"
nah  you do suck though,"[0, 0, 1]"
perfect hes a pleb,"[0, 0, 1]"
imagine saying my tinker noob but still scared of my tinker and pick early hahahahahahahahah,"[0, 1, 0]"
and   of ur core players,"[1, 0, 0]"
imagine calling others moron,"[0, 1, 0]"
pos   pls thanks english team if possible,"[1, 0, 0]"
try hard ,"[1, 0, 0]"
by a mirana,"[1, 0, 0]"
they just too bad,"[1, 0, 0]"
nice english retard,"[0, 1, 0]"
this dog tip me ,"[0, 0, 1]"
thanks for spitting facts whitemon   ,"[1, 0, 0]"
why go when i put a x,"[1, 0, 0]"
the fuck u trying to do ,"[0, 1, 0]"
how low this fucking game is man even if we afk,"[0, 1, 0]"
reason,"[1, 0, 0]"
fuck off,"[0, 1, 0]"
cause our clintz and am are fucking dogs,"[0, 0, 1]"
holy shit,"[0, 1, 0]"
your mom has nice jugs,"[0, 0, 1]"
imagine your carrying this mf,"[0, 1, 0]"
trash coore,"[0, 0, 1]"
gg can throne,"[1, 0, 0]"
of course,"[1, 0, 0]"
ammar the  beed,"[1, 0, 0]"
with me fucking ofc,"[0, 1, 0]"
you re not going anywhere,"[1, 0, 0]"
shoudnt,"[1, 0, 0]"
gotta have some public decency,"[1, 0, 0]"
i breastfed from your mom,"[0, 0, 1]"
and it wasnt even u moron marci,"[0, 0, 1]"
can we end ,"[1, 0, 0]"
i bet ur face is ugly pa,"[0, 0, 1]"
what a retrard ,"[0, 0, 1]"
 you talk a lot of shit for someone who hasnt won   ,"[0, 1, 0]"
fucking techies,"[0, 1, 0]"
two aghs,"[1, 0, 0]"
im so fucking trash,"[0, 1, 0]"
fear my dick,"[0, 1, 0]"
  pos and  pos buy it,"[1, 0, 0]"
put a period so you don t use bad word  cunt,"[0, 0, 1]"
now i m gonna ask you who do you think is the acc buyer  ,"[1, 0, 0]"
yesss ur mom is animal,"[0, 0, 1]"
the stupid penis lover ursa,"[0, 0, 1]"
my team is just pro,"[1, 0, 0]"
fuck putin,"[0, 1, 0]"
really   ,"[1, 0, 0]"
i ll have to check w  your mom first,"[0, 0, 1]"
cumshot,"[0, 1, 0]"
stupid team,"[0, 0, 1]"
who is the best support ,"[1, 0, 0]"
how much pidaras i am from   to      ,"[1, 0, 0]"
we dont even have a carry and you still suck shit,"[0, 0, 1]"
back,"[1, 0, 0]"
beast,"[1, 0, 0]"
tem uma drow um juggernaut,"[1, 0, 0]"
u are the shameless shit,"[0, 0, 1]"
so fucking trash offlane,"[0, 0, 1]"
son of whore,"[0, 0, 1]"
leave fuck noobs,"[0, 1, 0]"
lol ns doesnt leave top for    minutes ,"[1, 0, 0]"
especially wr,"[1, 0, 0]"
what a fuckjing,"[0, 1, 0]"
look at these imbeciles forgetting about serpent wards lol,"[0, 1, 0]"
fuck off necro,"[0, 1, 0]"
holy shit you re outskilled so hard,"[0, 1, 0]"
too ez undying dog,"[0, 0, 1]"
everyone,"[1, 0, 0]"
think of all i ve done for you,"[1, 0, 0]"
hey noob anthony,"[0, 0, 1]"
after this game you will have less mmr than me trash,"[0, 1, 0]"
why,"[1, 0, 0]"
we wanna be toxic to win,"[1, 0, 0]"
and i will still be above you ,"[1, 0, 0]"
farm creeps,"[1, 0, 0]"
fuckk offff man,"[0, 1, 0]"
what the fuck i wanna play ,"[0, 1, 0]"
please hold,"[1, 0, 0]"
this stupid bull head waits for his teammates to die every time when he hurts ,"[0, 1, 0]"
holy shit,"[0, 1, 0]"
its great russian language moron,"[0, 0, 1]"
why wtf,"[0, 1, 0]"
is this lp,"[1, 0, 0]"
u suck pinga with cheese,"[1, 0, 0]"
keep trash out of dota,"[0, 1, 0]"
like the oracle,"[1, 0, 0]"
this stupid,"[0, 1, 0]"
why is magnus mid and sf on offlane,"[1, 0, 0]"
ur not the reason im dead thoug,"[1, 0, 0]"
puhyssy assssss d shadow blade,"[0, 1, 0]"
doesn t change the fact half those hits are wasted and no about of unranked posturing will change the fct you re a huge closeted fa   ot that enjoys bbc and dogsht ugly girls,"[0, 0, 1]"
   ily emp,"[1, 0, 0]"
ty for waiting fags,"[0, 1, 0]"
where is it retard ,"[0, 0, 1]"
did ur pussy leak or what ,"[0, 1, 0]"
what a shit team,"[0, 1, 0]"
gettin this occasion to get somethin to drink  do the same bois,"[1, 0, 0]"
how long have you been a huge fa   ot,"[0, 0, 1]"
  reports clinkz,"[1, 0, 0]"
oh hes raped on top,"[0, 0, 1]"
that ur a son of whore,"[0, 0, 1]"
good silence,"[1, 0, 0]"
im getting free mmr why would i be angry ,"[1, 0, 0]"
as retarded as centaur,"[0, 1, 0]"
od players,"[1, 0, 0]"
were talking so much shit,"[0, 1, 0]"
too bad yr mouse dick kinda cute n short,"[0, 1, 0]"
report mother fucker useles axe,"[0, 0, 1]"
finally,"[1, 0, 0]"
its fine bro,"[1, 0, 0]"
put some pants on antimage,"[1, 0, 0]"
little neckbeard,"[1, 0, 0]"
go kill the dog,"[0, 1, 0]"
wheres bat huskar wtf,"[0, 1, 0]"
 idonthave,"[1, 0, 0]"
imagine saying my tinker noob but still scaed of my tinker and pick early hahahahahahahahah,"[0, 1, 0]"
this game is a waste of time this mk sucks,"[0, 0, 1]"
toronto and me,"[1, 0, 0]"
did you get the gcash ,"[1, 0, 0]"
fucking trash,"[0, 0, 1]"
youre a sniper    ,"[1, 0, 0]"
into typing,"[1, 0, 0]"
with my best friend,"[1, 0, 0]"
white boy,"[0, 1, 0]"
pure idiots are playing this game,"[0, 0, 1]"
ctm,"[1, 0, 0]"
wr watching naga and me getting fuck on pornhub,"[0, 0, 1]"
throne it,"[1, 0, 0]"
undying was hype af,"[1, 0, 0]"
wr who to blame now ,"[1, 0, 0]"
fxck you too,"[0, 0, 1]"
i hate black people,"[0, 0, 1]"
told u about handicap,"[1, 0, 0]"
wtf is this,"[0, 1, 0]"
never denied being a piece of shit ,"[0, 1, 0]"
its only like    mmr or   ,"[1, 0, 0]"
probably tastes good,"[1, 0, 0]"
for sure,"[1, 0, 0]"
this is pritty gay,"[0, 1, 0]"
something,"[1, 0, 0]"
  good played  well game,"[1, 0, 0]"
with ur stupid gameplay,"[0, 1, 0]"
let s fight with tide ulti only,"[1, 0, 0]"
he take    hit on towers,"[1, 0, 0]"
thats lc all game,"[1, 0, 0]"
doesn t explain how you are dogshit outside of mid,"[0, 0, 1]"
so hard for clincz mmmmmmmmm,"[1, 0, 0]"
pussy bitch ,"[0, 0, 1]"
omnislash this nuts,"[1, 0, 0]"
maybe a   for   soon,"[1, 0, 0]"
what imbecil,"[0, 1, 0]"
whitemon waiting for ur new songs with aki   ,"[1, 0, 0]"
lol this guy is mentely damaged,"[1, 0, 0]"
me haz fedeado,"[1, 0, 0]"
let him play and waste his time,"[1, 0, 0]"
thanks,"[1, 0, 0]"
ez bear tho,"[1, 0, 0]"
fuckign hell mate,"[0, 1, 0]"
trio trash player,"[0, 0, 1]"
for rough sex,"[0, 0, 1]"
what a joke,"[1, 0, 0]"
typical woman gamer,"[1, 0, 0]"
please report jakiro,"[1, 0, 0]"
his computer shitting itself,"[0, 0, 1]"
report team pelase,"[1, 0, 0]"
i used to love sand king when he sucked,"[1, 0, 0]"
gl to new player invok,"[1, 0, 0]"
waht wind ,"[1, 0, 0]"
said the useless mid,"[0, 0, 1]"
yeah why ,"[1, 0, 0]"
fuck this game,"[0, 1, 0]"
hc eeuu shit player taco,"[0, 0, 1]"
cumbackkkkkkkkkkkkkkkkkkkkkkkkkkkkkkkkk,"[0, 1, 0]"
whos a pussy,"[0, 1, 0]"
this close to breaking my items   ,"[1, 0, 0]"
only cores,"[1, 0, 0]"
bobo edition,"[0, 1, 0]"
and   retarded arab,"[0, 0, 1]"
blue is a fucking moron,"[0, 0, 1]"
idk how u dont pause for ur mid for    second,"[1, 0, 0]"
wtf was this game,"[0, 1, 0]"
let this boringgame end you morons,"[0, 0, 1]"
i need to go,"[1, 0, 0]"
the       is talking,"[1, 0, 0]"
bot and top too shit,"[0, 0, 1]"
my team is trash,"[0, 0, 1]"
walking around lc,"[1, 0, 0]"
u trash sup ind g ,"[0, 0, 1]"
also dw team with this dog,"[0, 0, 1]"
this puck play lina so bad ,"[1, 0, 0]"
pa why,"[1, 0, 0]"
its tough,"[1, 0, 0]"
this s pid dog jug,"[0, 0, 1]"
riki i fk ur sister,"[0, 0, 1]"
ty for that,"[1, 0, 0]"
time to fondle ur balls,"[0, 0, 1]"
i want more of that ass,"[1, 0, 0]"
son of pigs,"[0, 0, 1]"
you are such a loser brad,"[0, 0, 1]"
he is so noob,"[0, 0, 1]"
you shouldnt focus me,"[1, 0, 0]"
if youre kigs procreate with white race     times you wil still be yellow piece of shit chiense trash,"[0, 0, 1]"
thee ol bullshit switch ah roo,"[0, 1, 0]"
stomping aint sweating bruh,"[1, 0, 0]"
because we are not autistic like u,"[0, 0, 1]"
if u think sniper is a newbie,"[1, 0, 0]"
i dont care if u have to shit,"[0, 1, 0]"
these games are so fucking bad,"[0, 1, 0]"
nice picks sniper,"[1, 0, 0]"
oh crap ,"[1, 0, 0]"
mrbeast giveaway,"[1, 0, 0]"
cope and seethe,"[1, 0, 0]"
playing wr vs retards,"[0, 0, 1]"
we will never know,"[1, 0, 0]"
hey neo,"[1, 0, 0]"
wtf was that blink valve ,"[0, 1, 0]"
it was a tasty horse,"[1, 0, 0]"
his mmr maybe    ,"[1, 0, 0]"
they playin,"[1, 0, 0]"
ty idiot,"[0, 1, 0]"
sorry no russian,"[1, 0, 0]"
  range hero,"[1, 0, 0]"
and  half ur base gone,"[1, 0, 0]"
report timber,"[1, 0, 0]"
our support just feed for last    min,"[1, 0, 0]"
fuck this dk,"[0, 0, 1]"
take it easy trash,"[0, 0, 1]"
your mother faker,"[0, 0, 1]"
all gank top for carry then carry useless ,"[0, 0, 1]"
ur doing great,"[1, 0, 0]"
trash median this is,"[0, 0, 1]"
being virgin   fucking ugly bitches,"[0, 0, 1]"
tipping in double score  game,"[1, 0, 0]"
gg  ss and furion feeding,"[1, 0, 0]"
are uguys for real,"[1, 0, 0]"
what ar etard,"[0, 0, 1]"
party with raving,"[1, 0, 0]"
if only silencer wasnt a pussy,"[0, 1, 0]"
carry weak,"[1, 0, 0]"
tip me,"[1, 0, 0]"
ty guys   ,"[1, 0, 0]"
piece of dog,"[0, 0, 1]"
report to avoid this example piece of shitt,"[0, 1, 0]"
 nto the game,"[1, 0, 0]"
u r really wasting that shitty laning pahse,"[0, 1, 0]"
forgive your team then ,"[1, 0, 0]"
gave youf arm,"[1, 0, 0]"
total noob without huskar,"[0, 1, 0]"
what else,"[1, 0, 0]"
useless cores,"[0, 0, 1]"
beg whore,"[0, 0, 1]"
our sup throw it and we have no mid,"[1, 0, 0]"
i guess you gotta voice line when thats all you got going for ya,"[1, 0, 0]"
not watch u cry and bitch,"[0, 1, 0]"
puck good player,"[1, 0, 0]"
when luck becomes a lifeestyle its called skill ,"[1, 0, 0]"
its not even fair,"[1, 0, 0]"
word of advice,"[1, 0, 0]"
the worst player here is u,"[1, 0, 0]"
are u shaikng heaed now sven,"[1, 0, 0]"
sry this fucking clown talking all chat,"[0, 0, 1]"
fuck yes they are,"[0, 1, 0]"
sry didnt mean to tip,"[1, 0, 0]"
high mmr is supporting ,"[1, 0, 0]"
son of whore,"[0, 0, 1]"
u call me a faggot,"[0, 1, 0]"
whats wrong with him ,"[1, 0, 0]"
i was admiring it when you dickwads rudely interrupted,"[0, 0, 1]"
make the community better,"[1, 0, 0]"
i trying my best to sup them but seem like i m the only fool,"[1, 0, 0]"
too busy being in my mum to play dota i guess,"[0, 0, 1]"
mucho tecleas sonso,"[1, 0, 0]"
idiot tecis,"[0, 0, 1]"
go end please,"[1, 0, 0]"
helloooo end clownada ety,"[1, 0, 0]"
you relate to losers,"[0, 0, 1]"
now afk retard,"[0, 1, 0]"
we were winning top when he left,"[1, 0, 0]"
snap be like oh a new day to ruin   peaple game,"[1, 0, 0]"
rep this bitch,"[0, 0, 1]"
come on me ,"[1, 0, 0]"
sounds like he should abandon,"[1, 0, 0]"
toxic and noob,"[0, 1, 0]"
fcking idiot team,"[0, 0, 1]"
ohj the fag hag is here,"[0, 0, 1]"
he break items,"[1, 0, 0]"
assholes,"[0, 0, 1]"
im sorry i smacked you ,"[1, 0, 0]"
i want your ass,"[0, 1, 0]"
all that talk,"[1, 0, 0]"
i came in   v   and raped u remember,"[0, 0, 1]"
tell that to zai,"[1, 0, 0]"
tip thge ns,"[1, 0, 0]"
the only reality is that u are toxic stupid little kid whos mother is getting fucked daily,"[0, 0, 1]"
free to end,"[1, 0, 0]"
what hapenning,"[1, 0, 0]"
no senc this game,"[1, 0, 0]"
that hook,"[1, 0, 0]"
  feeded by   noobs,"[0, 0, 1]"
wtf that creep,"[0, 1, 0]"
youre trash,"[0, 0, 1]"
gg thanks for ez top lane,"[1, 0, 0]"
china balong ingles friends,"[0, 0, 1]"
are such fucking pussies,"[0, 0, 1]"
learning mechanick,"[1, 0, 0]"
all because zamuel didnt want to support  trash ,"[0, 1, 0]"
my   pos is trash,"[0, 0, 1]"
he didn t use chrono,"[1, 0, 0]"
show me ur ass,"[0, 0, 1]"
and still trashtalk here,"[1, 0, 0]"
this qop,"[1, 0, 0]"
nah prefer to avoid u so i can keep getting free mmr,"[1, 0, 0]"
wind and  sky ,"[1, 0, 0]"
u think im dumb,"[0, 1, 0]"
nope,"[1, 0, 0]"
you should give fuck about russia losing in ukraine ,"[0, 1, 0]"
this noob,"[0, 1, 0]"
bot easy ,"[1, 0, 0]"
that sounds like a blue hair disease,"[1, 0, 0]"
it cheap,"[1, 0, 0]"
typical trash mid,"[0, 0, 1]"
but with meteor,"[1, 0, 0]"
why no pick me bmk ,"[1, 0, 0]"
silencer and wr are shit,"[0, 0, 1]"
pussy b tch,"[0, 0, 1]"
ta threw the game  gg,"[1, 0, 0]"
u are idiot estern p iece of shit vodka,"[0, 0, 1]"
i pause with my peni  in yo mama,"[0, 0, 1]"
sucks that lion raged,"[1, 0, 0]"
report that noob,"[0, 0, 1]"
fucking idiopt,"[0, 0, 1]"
i didn t see the clock boy,"[1, 0, 0]"
i have more flesh heap then minutes of this game,"[1, 0, 0]"
how fun it is to play that hero,"[1, 0, 0]"
u guys kept on manning up and chasing doom,"[1, 0, 0]"
congrats you can press   button barely after   people get your ass there after shitting the bed,"[0, 0, 1]"
throne,"[1, 0, 0]"
free to end,"[1, 0, 0]"
offlane noob,"[0, 0, 1]"
son of whore,"[0, 0, 1]"
he plays,"[1, 0, 0]"
u son of whore,"[0, 0, 1]"
 ls time to play mid,"[1, 0, 0]"
and buy rope,"[1, 0, 0]"
always astral his mum,"[0, 0, 1]"
what is bkb ,"[1, 0, 0]"
you low rank you complain a newplayer sniper for,"[1, 0, 0]"
what     ,"[1, 0, 0]"
cant play with bastards,"[0, 1, 0]"
retarded qop,"[0, 0, 1]"
easy,"[1, 0, 0]"
my brain is shrinking,"[1, 0, 0]"
support with hitter item,"[1, 0, 0]"
by my team,"[1, 0, 0]"
hard to hf with pl pickers    ,"[1, 0, 0]"
holy rape,"[0, 1, 0]"
go back and get   more hours of sleep,"[1, 0, 0]"
this dogs   ,"[0, 0, 1]"
and you suck ass son,"[0, 0, 1]"
can u teach me how to be commedy man too  ,"[1, 0, 0]"
bm really fucked up dieing bot,"[0, 1, 0]"
good luck have sex ,"[0, 1, 0]"
cought me on a fast typoig ,"[1, 0, 0]"
 v  but cant end wtf ,"[0, 1, 0]"
only thing i m pissed about is sniper ebing a dick,"[0, 1, 0]"
marci the moron they call her,"[0, 0, 1]"
you done that manta zeus shit yet ,"[0, 1, 0]"
my team are retarded,"[0, 0, 1]"
sb boots grenade buybacks min    cuz he tilted,"[1, 0, 0]"
the master baiter,"[0, 1, 0]"
ez the fk ,"[0, 1, 0]"
ny bot realno,"[1, 0, 0]"
nobovy wants to play this out,"[1, 0, 0]"
easy,"[1, 0, 0]"
doing  tho,"[1, 0, 0]"
tf is this visage hero lol,"[1, 0, 0]"
cringe,"[1, 0, 0]"
stop pls storm,"[1, 0, 0]"
thefuc,"[0, 1, 0]"
feed mid go next fast,"[1, 0, 0]"
i m the mc here ,"[1, 0, 0]"
gg out pls,"[1, 0, 0]"
you should see this bicthass team,"[0, 1, 0]"
he is fking nobo,"[0, 0, 1]"
lol this pa lol,"[1, 0, 0]"
we are so dumb,"[0, 1, 0]"
or not ,"[1, 0, 0]"
im planning to sell them ,"[1, 0, 0]"
hahah been there,"[1, 0, 0]"
this bich hit me with mail,"[1, 0, 0]"
that ball for me  ,"[1, 0, 0]"
go throne,"[1, 0, 0]"
pls win,"[1, 0, 0]"
why play like such pussys when your so far ahead,"[0, 1, 0]"
trash hooker cant win,"[0, 0, 1]"
tits is tis,"[0, 1, 0]"
my cores are jerking off i guess,"[0, 0, 1]"
this is over,"[1, 0, 0]"
sucker,"[0, 0, 1]"
can u end oger now plz,"[1, 0, 0]"
the shit ,"[0, 1, 0]"
i eat ur fake mmr,"[0, 0, 1]"
bcs he is rtard,"[0, 0, 1]"
the faster we can get out of this game,"[1, 0, 0]"
ure the only idiot here,"[0, 0, 1]"
talk cock ,"[0, 0, 1]"
nice hacks  why are you all there  that map hacker tell you to all go there ,"[1, 0, 0]"
can u believe this dog ,"[0, 0, 1]"
stupid england dont know what is said   ,"[0, 0, 1]"
 ok we not afk,"[1, 0, 0]"
who can carry,"[1, 0, 0]"
wanna get in somrthing ,"[1, 0, 0]"
aw shit,"[0, 1, 0]"
it s ok we re both playing broken bullshit heroes,"[0, 1, 0]"
dome ass has no bkb or linken vs fucing bs,"[0, 1, 0]"
your mom still available tonight ,"[0, 0, 1]"
 then fucking afk xd,"[0, 1, 0]"
stop walking into my spells,"[1, 0, 0]"
penis monkey low key,"[0, 1, 0]"
go fuck yourself hopefull,"[0, 0, 1]"
slark your team oob,"[0, 0, 1]"
btw if i have to play with you ds and clinkz im gonna feed you for being a retarded fuck,"[0, 0, 1]"
wrong person my b,"[1, 0, 0]"
i am literally the dumbest motehrfucker alive,"[0, 1, 0]"
wtf is that heal,"[0, 1, 0]"
f that guy,"[1, 0, 0]"
    high rank low brain,"[0, 0, 1]"
grow some real skill and some real heros od,"[1, 0, 0]"
why not,"[1, 0, 0]"
nah thats your luck mother fk,"[0, 1, 0]"
heart for what ,"[1, 0, 0]"
you fucking trash,"[0, 0, 1]"
pudge no longer factor in this game,"[1, 0, 0]"
clown sf,"[0, 0, 1]"
morning dotes,"[1, 0, 0]"
we have stupid bear,"[0, 0, 1]"
your state is fucking useless,"[0, 0, 1]"
who is feeding ,"[1, 0, 0]"
two idiots leaving kills now,"[0, 0, 1]"
what do u expect from a pudge player,"[1, 0, 0]"
how useful the dumb support is,"[0, 1, 0]"
they cry,"[1, 0, 0]"
yal are dicks  why not just end ,"[0, 1, 0]"
fuck yeah fuck the econnomy,"[0, 1, 0]"
was that a triple crit,"[1, 0, 0]"
how much you guys pay dark seer ,"[1, 0, 0]"
im dangerous as fuck,"[0, 1, 0]"
trolling,"[1, 0, 0]"
gg bots,"[1, 0, 0]"
u farmed so fast,"[1, 0, 0]"
who took all the words     ,"[1, 0, 0]"
its aight,"[1, 0, 0]"
come bitches,"[0, 0, 1]"
he lost too much ,"[1, 0, 0]"
nice ult and bkbs fucker,"[0, 0, 1]"
wtf bh like that,"[0, 1, 0]"
idiot team,"[0, 0, 1]"
ass fucking sniper,"[0, 0, 1]"
tf was that feed,"[0, 1, 0]"
u the boss,"[1, 0, 0]"
agaainst u clown,"[0, 0, 1]"
fuck putin,"[0, 1, 0]"
p ece of shit,"[0, 1, 0]"
ya hes owning,"[1, 0, 0]"
fcuk this mars mother,"[0, 0, 1]"
fucking pleb,"[0, 0, 1]"
dogshit check,"[0, 1, 0]"
ban jakiro   scared of  k mmr pos  ,"[1, 0, 0]"
qops just trying to make me feel better about my ice blasts ok,"[1, 0, 0]"
bb was waste why you throwing,"[1, 0, 0]"
we didnt say anythign about tips what,"[1, 0, 0]"
calm down ,"[1, 0, 0]"
give me ply timber ok ,"[1, 0, 0]"
party with uzbek or ruin,"[1, 0, 0]"
ur mom still available ,"[0, 0, 1]"
don t think he said anything at all,"[1, 0, 0]"
hes a pussy,"[0, 0, 1]"
whore,"[0, 0, 1]"
i can do shit at late game,"[0, 1, 0]"
finish teh gfucking game,"[0, 1, 0]"
we dont talk with animal,"[0, 0, 1]"
free game,"[1, 0, 0]"
throne,"[1, 0, 0]"
hes in our top jungle now just going for jackoff afk,"[1, 0, 0]"
look at me go,"[1, 0, 0]"
can out   ,"[1, 0, 0]"
talk alot of truths,"[1, 0, 0]"
when he doesn t know how to support lol,"[1, 0, 0]"
and he still aint do it,"[1, 0, 0]"
off and this mid,"[1, 0, 0]"
that might be gg,"[1, 0, 0]"
 what are you waiting for  kill mmeeeee ,"[1, 0, 0]"
fuck this firebird im with,"[0, 1, 0]"
throne it,"[1, 0, 0]"
ending the game ,"[1, 0, 0]"
my team are pussy,"[0, 0, 1]"
who are u idiots,"[0, 0, 1]"
how u to bee ind g  ,"[0, 0, 1]"
you got the   again ,"[1, 0, 0]"
ez team huh storm  sadge ,"[1, 0, 0]"
ill take some of those stiches,"[1, 0, 0]"
why me with pa idiot,"[0, 0, 1]"
whole,"[1, 0, 0]"
i m bleeding from a huge gash,"[1, 0, 0]"
we have noob team,"[0, 0, 1]"
you aint tearing shite apart,"[0, 1, 0]"
cllowns,"[1, 0, 0]"
need more practice,"[1, 0, 0]"
piss is store in the girl balls,"[0, 1, 0]"
can u end mid with metores,"[1, 0, 0]"
youre lucky our drow has downsyndrome,"[0, 0, 1]"
these guys were ass,"[0, 0, 1]"
its ok boys,"[1, 0, 0]"
sniper poor have a bad net,"[1, 0, 0]"
i need a pause for   min in      minutes for delivery sorry,"[1, 0, 0]"
morons,"[0, 1, 0]"
its ok pudge,"[1, 0, 0]"
imagine saying my tinker noob but still scared of my tinker and pick early hahahahahahahahah,"[0, 1, 0]"
maybe that will work,"[1, 0, 0]"
gl whoever has him in his team,"[1, 0, 0]"
dog shit team again,"[0, 0, 1]"
gj team commend for all,"[1, 0, 0]"
he coming,"[1, 0, 0]"
fucking sucks,"[0, 1, 0]"
the,"[1, 0, 0]"
just stay base bastards,"[0, 0, 1]"
i lost    games won  ,"[1, 0, 0]"
are femboys gay   ,"[0, 0, 1]"
finally axe did it,"[1, 0, 0]"
 noob techies,"[0, 0, 1]"
this,"[1, 0, 0]"
tanggggggg inaaaaaaaaaaaaaaaaaaaaa,"[0, 1, 0]"
trash necro,"[0, 0, 1]"
fking cunt,"[0, 0, 1]"
ur moms butthole last night,"[0, 0, 1]"
cheating brownskinned piece of filkth,"[0, 1, 0]"
fuck me may aswell go unpack the dishwasher ,"[0, 1, 0]"
if u pick lifestealer in turbo,"[1, 0, 0]"
fukcing hel,"[0, 1, 0]"
was it worth,"[1, 0, 0]"
   deaths,"[1, 0, 0]"
shame i have to listen to dog,"[0, 0, 1]"
fucking hell ,"[0, 1, 0]"
for   man echo,"[1, 0, 0]"
and supor are trash,"[0, 0, 1]"
my boy is fed as fuck,"[0, 1, 0]"
why won t u wait ,"[1, 0, 0]"
fucking lane creep ruining my health,"[0, 1, 0]"
but sniper always gets fucked by sd,"[0, 1, 0]"
it s       for me rn,"[1, 0, 0]"
fck this game,"[0, 1, 0]"
trying to win ti bro ,"[1, 0, 0]"
literally,"[1, 0, 0]"
why he still in mid,"[1, 0, 0]"
ind g poor cpountry ,"[0, 0, 1]"
should be the one playing on his real rank,"[1, 0, 0]"
fucking motha fucka indian,"[0, 1, 0]"
rs first,"[1, 0, 0]"
fckng toxic carry,"[0, 1, 0]"
try ur best,"[1, 0, 0]"
what a loser,"[0, 0, 1]"
sorry in advance ,"[1, 0, 0]"
who this gay,"[0, 0, 1]"
i don t give a fuck,"[0, 1, 0]"
would u play     yamsum,"[1, 0, 0]"
useless carry,"[0, 0, 1]"
play like fk dog scare the sh i,"[0, 0, 1]"
that s what friends are for,"[1, 0, 0]"
i just died to fire that doesnt move,"[1, 0, 0]"
only adjust for ti players,"[1, 0, 0]"
this team is all retarded,"[0, 0, 1]"
retarded shits,"[0, 0, 1]"
he is gay,"[0, 0, 1]"
how spirit fuck all your teams,"[0, 1, 0]"
teamo,"[1, 0, 0]"
you missed out on a goodnight kiss lmao what a loser,"[0, 0, 1]"
less toxic,"[1, 0, 0]"
report burrudge,"[1, 0, 0]"
haha shit slark ,"[0, 0, 1]"
fuck off from my team,"[0, 1, 0]"
then somehow,"[1, 0, 0]"
cmnd ember,"[1, 0, 0]"
try not to suck this time qop,"[1, 0, 0]"
then you end,"[1, 0, 0]"
this   faking core with stupid item build,"[0, 0, 1]"
something la tu,"[1, 0, 0]"
fcking thor,"[0, 1, 0]"
you are the one whos crying,"[1, 0, 0]"
i wont be with,"[1, 0, 0]"
then noob,"[0, 1, 0]"
imagine that,"[1, 0, 0]"
report clinkz,"[1, 0, 0]"
fucking lowrank,"[0, 1, 0]"
holy based its ccnc,"[1, 0, 0]"
and we can,"[1, 0, 0]"
his parents were actual persian cousins that were already the product of some very fucking serious incest,"[0, 0, 1]"
you tennis fuck,"[0, 0, 1]"
why you ban ember,"[1, 0, 0]"
what is this ban,"[1, 0, 0]"
stack reports on dusa ,"[1, 0, 0]"
crazy,"[1, 0, 0]"
i love how they were talking shit to me at pick phase,"[0, 1, 0]"
  cary ,"[1, 0, 0]"
oh ya the ol typical blame teammate for dying bullshit,"[0, 1, 0]"
can you see that im doom,"[1, 0, 0]"
comeback,"[1, 0, 0]"
he cry ,"[1, 0, 0]"
report od,"[1, 0, 0]"
boring,"[1, 0, 0]"
obviously  the idiot tank died first,"[0, 0, 1]"
not carry idioat,"[0, 1, 0]"
thx for wait,"[1, 0, 0]"
please aim io,"[1, 0, 0]"
that s all am can do ,"[1, 0, 0]"
you need loving,"[1, 0, 0]"
she might be in ur next game,"[1, 0, 0]"
she did doggy style last night,"[0, 0, 1]"
fuckin hope not,"[0, 1, 0]"
please,"[1, 0, 0]"
pl is shit,"[0, 0, 1]"
naga    go eat a bag of dicks,"[0, 0, 1]"
told u about this build le,"[1, 0, 0]"
that s all i can say,"[1, 0, 0]"
give us a min if possible but its jus a game   holy shit nuggets,"[0, 1, 0]"
hey legion,"[1, 0, 0]"
we pushed this series back    mins jsut for you to be able to paly,"[1, 0, 0]"
lo west race of earth,"[0, 0, 1]"
the pussy ds pick  d ,"[0, 0, 1]"
fuck jhames,"[0, 0, 1]"
have you read the stormlight archive ,"[1, 0, 0]"
third world huh  ,"[1, 0, 0]"
trash team,"[0, 0, 1]"
fuck off idio,"[0, 0, 1]"
fucking cucks,"[0, 0, 1]"
shut your mouth jabroni,"[0, 1, 0]"
so fucking useless supports,"[0, 0, 1]"
bro ur so fking bad crusaders rofl,"[0, 1, 0]"
repport wynter,"[1, 0, 0]"
f dog spec have ulti and aga,"[0, 0, 1]"
they literally,"[1, 0, 0]"
report these mtfckin as   holes support roles  ,"[0, 0, 1]"
really trash,"[0, 0, 1]"
pick something you muppet,"[0, 0, 1]"
oh crap ,"[1, 0, 0]"
leave him alone,"[1, 0, 0]"
hey they added a button to lifesteal aura,"[1, 0, 0]"
 st time win with meepo,"[1, 0, 0]"
retard cunt undying,"[0, 0, 1]"
bouty pos   ,"[1, 0, 0]"
is off the charts,"[1, 0, 0]"
why not,"[1, 0, 0]"
die or cry ,"[1, 0, 0]"
its fine ,"[1, 0, 0]"
team nb,"[1, 0, 0]"
dont waste my time on this shit,"[0, 1, 0]"
thanks,"[1, 0, 0]"
truly idiot,"[0, 0, 1]"
tilted ass,"[0, 1, 0]"
they want luna to abandon,"[1, 0, 0]"
maybe people should stop aprty when its not a thing,"[1, 0, 0]"
weak ass country,"[0, 0, 1]"
youre a little bitch irl,"[0, 0, 1]"
party with toxic,"[1, 0, 0]"
i randomed this shit in mid and still won,"[0, 1, 0]"
fuck your mum wid your language,"[0, 0, 1]"
onmce again,"[1, 0, 0]"
i shot myself in the head after that game so im a whole new person now,"[1, 0, 0]"
strong  tinker is also in the game  energy,"[1, 0, 0]"
he dling some heavy ass porn,"[0, 0, 1]"
fully rtard,"[0, 1, 0]"
since my mid laner is retarded,"[0, 0, 1]"
thats so hot,"[1, 0, 0]"
shitty cop tho,"[0, 1, 0]"
in chinese server,"[1, 0, 0]"
because he s not a fucking nerd,"[0, 1, 0]"
ty sf,"[1, 0, 0]"
rapier wont help feed yes,"[1, 0, 0]"
whats up,"[1, 0, 0]"
its a cum black,"[0, 1, 0]"
you think you can win ,"[1, 0, 0]"
play rubik or ill fist my asshole,"[0, 1, 0]"
any sup  ,"[1, 0, 0]"
he is your bitch es,"[0, 0, 1]"
i know babi only,"[1, 0, 0]"
sir le cock of roachith,"[1, 0, 0]"
i just think top lanes funny,"[1, 0, 0]"
rubick go your mmr,"[1, 0, 0]"
he comin back,"[1, 0, 0]"
take it easy pa   trash is trash,"[0, 1, 0]"
imagine picking bat mid then losing this hard jesus,"[1, 0, 0]"
qop do you ever stop whining,"[1, 0, 0]"
good aiming supp first,"[1, 0, 0]"
ever been called morons ,"[0, 1, 0]"
and end fast,"[1, 0, 0]"
end this,"[1, 0, 0]"
found yua,"[1, 0, 0]"
its ok pretty free game,"[1, 0, 0]"
so boring pudge,"[1, 0, 0]"
he got banned,"[1, 0, 0]"
go feed tonce,"[1, 0, 0]"
sucker oracle,"[0, 0, 1]"
this idiots cant play,"[0, 0, 1]"
this slardussy aint shit bro,"[0, 1, 0]"
but my sup can,"[1, 0, 0]"
exactly    slotted,"[1, 0, 0]"
you just got raped under tower,"[0, 0, 1]"
some how,"[1, 0, 0]"
you should stop trying to kill me my stupid friend,"[0, 1, 0]"
hard support,"[1, 0, 0]"
he s a son of whore,"[0, 0, 1]"
my love we meet again,"[1, 0, 0]"
its both good xd,"[1, 0, 0]"
lol carried by a shitty tinker spammer and our throw,"[0, 1, 0]"
pre sure silencer is baked,"[1, 0, 0]"
i smashed u near the bed,"[1, 0, 0]"
thats like the most retarded team u can make,"[0, 1, 0]"
which piece of dog ,"[0, 0, 1]"
dud he acc buyer and fk dop game,"[0, 1, 0]"
my team does not seem to udnerstand the concept of outpick,"[1, 0, 0]"
son of the bitfhes,"[0, 0, 1]"
but dog cant play,"[0, 0, 1]"
itchy,"[1, 0, 0]"
then dying,"[1, 0, 0]"
son of a bnitch,"[0, 0, 1]"
gl to whoever gets drow next,"[1, 0, 0]"
and u just mad for losing mid xd,"[1, 0, 0]"
fuck you talk too much,"[0, 1, 0]"
and we walk like idiot,"[0, 1, 0]"
with u mommy,"[1, 0, 0]"
the fk,"[0, 1, 0]"
go throne,"[1, 0, 0]"
name checks out,"[1, 0, 0]"
fuck this od smurf ,"[0, 1, 0]"
  cores btw,"[1, 0, 0]"
why,"[1, 0, 0]"
thank u,"[1, 0, 0]"
tinker booster in my team,"[1, 0, 0]"
watch replay autisty,"[0, 0, 1]"
fuck you too mate,"[0, 0, 1]"
why,"[1, 0, 0]"
watch me rape this game,"[0, 0, 1]"
dumbass trash,"[0, 0, 1]"
of,"[1, 0, 0]"
sniper is a pussy,"[0, 0, 1]"
yes but you will lose  ,"[1, 0, 0]"
waste of tiem,"[1, 0, 0]"
tb is the carry nbot me clowns,"[0, 0, 1]"
items,"[1, 0, 0]"
like they re fucking trying to lose,"[0, 1, 0]"
havent played morph in   months be nice pls,"[1, 0, 0]"
throne,"[1, 0, 0]"
nice throws,"[1, 0, 0]"
to make yourself,"[1, 0, 0]"
windranger is still in my mum,"[0, 0, 1]"
let tip ns for his decision to chase a pos   and let his pos   died,"[1, 0, 0]"
when u target me you re just inting,"[1, 0, 0]"
hate this am,"[0, 1, 0]"
you are shit,"[0, 0, 1]"
there s only me,"[1, 0, 0]"
whos dead again,"[1, 0, 0]"
good thing sk carrying us,"[1, 0, 0]"
sorry my dick was in usb port,"[0, 1, 0]"
can throne,"[1, 0, 0]"
dark willow is perfectly balanced hero ,"[1, 0, 0]"
he just learned them at school this week,"[1, 0, 0]"
really now,"[1, 0, 0]"
imgine thinking this pango must tlak shit,"[0, 1, 0]"
we will succumb to you if you send us more weapons to ukraine,"[1, 0, 0]"
this ghuy tilted af,"[0, 1, 0]"
for that i m not stupid shit,"[0, 1, 0]"
u bait me to this shit ab   ,"[0, 1, 0]"
   sorry wraith,"[1, 0, 0]"
got a turtle neck happening,"[1, 0, 0]"
i play with   dog,"[0, 0, 1]"
   ripbozo rest in piss you won t be missed     ,"[0, 0, 1]"
u fucking trash,"[0, 0, 1]"
sven support that mother fk,"[0, 1, 0]"
kill thm all guys,"[1, 0, 0]"
how we cumming back ,"[0, 1, 0]"
if he lets us end  ,"[1, 0, 0]"
  sups you want me play with drow ranger fu,"[0, 0, 1]"
and bm,"[1, 0, 0]"
thatswhy i   k,"[1, 0, 0]"
china acc buyer mid,"[0, 0, 1]"
first lose ,"[1, 0, 0]"
a common noob,"[0, 1, 0]"
   how much the score now coz if i remebered u got own in first game,"[1, 0, 0]"
morphlp,"[1, 0, 0]"
who im dire or radiant   ,"[1, 0, 0]"
fair  we usually have that problem,"[1, 0, 0]"
if u have it,"[1, 0, 0]"
rtard leave me on line and go farm jungle and now blame me xd so rtarded peoples playing this gaem,"[0, 0, 1]"
wanted to eat a horse,"[1, 0, 0]"
and you lose to my mid,"[1, 0, 0]"
rep lich,"[1, 0, 0]"
he can use it before   ,"[1, 0, 0]"
drow s logic be like  i know im the lowest rank here but u guys must adjust for me ,"[1, 0, 0]"
check onlyfans,"[1, 0, 0]"
muted,"[1, 0, 0]"
go kill that mf at top,"[0, 1, 0]"
what,"[1, 0, 0]"
mad cause backseat driving while farming as a supp,"[1, 0, 0]"
useless core,"[0, 0, 1]"
this teem,"[1, 0, 0]"
the fuck,"[0, 1, 0]"
nope why ,"[1, 0, 0]"
break ur hand or brain,"[1, 0, 0]"
i wanna   throw,"[1, 0, 0]"
than u think,"[1, 0, 0]"
for why ,"[1, 0, 0]"
party with rage only,"[1, 0, 0]"
china team ,"[1, 0, 0]"
fuck this team,"[0, 0, 1]"
actyually,"[1, 0, 0]"
fat cock,"[0, 1, 0]"
why the hell,"[1, 0, 0]"
a bit rude innit,"[1, 0, 0]"
why u dont listen ,"[1, 0, 0]"
  vs   and this noob offlane stil bark,"[0, 1, 0]"
can all of you shut the fuck up  you ruining my mojo,"[0, 1, 0]"
thats my dream too,"[1, 0, 0]"
what  scared ,"[1, 0, 0]"
its so ,"[1, 0, 0]"
why didnt u come to fountain mate ,"[1, 0, 0]"
took the kill,"[1, 0, 0]"
and you play with left hand mouse  right hand keyboard  blindfolded,"[1, 0, 0]"
fucking bums,"[0, 0, 1]"
who tell you that im joking ,"[1, 0, 0]"
fuk clownb,"[0, 1, 0]"
why,"[1, 0, 0]"
wtf is your move speed,"[0, 1, 0]"
ofc i will farm  im meepo,"[1, 0, 0]"
that noob shit,"[0, 0, 1]"
see bara you were shit as omni before and now as bara,"[0, 1, 0]"
report io,"[1, 0, 0]"
i fedding on ur mothers tits rn medusa,"[0, 0, 1]"
stick top  ,"[1, 0, 0]"
no way  he rocks,"[1, 0, 0]"
we ve all been there haha,"[1, 0, 0]"
stand and fight then bitch,"[0, 1, 0]"
sf just constantly yelling,"[1, 0, 0]"
at the side,"[1, 0, 0]"
son of whore,"[0, 0, 1]"
play more gay heros,"[0, 0, 1]"
would you rather bang or gain     mmr ,"[0, 1, 0]"
 idiot teamm,"[0, 0, 1]"
fucking shit ember,"[0, 0, 1]"
sandwich dishwasher bitch,"[0, 0, 1]"
and u turned all dark wtf,"[0, 1, 0]"
fuck off,"[0, 1, 0]"
shut up  stupid boy,"[0, 0, 1]"
imagine saying my tinker noob but still scared of my tinker and pick early hahahahahahahahah,"[0, 1, 0]"
lmao you literally talked shit,"[0, 1, 0]"
any mid players or pos   ,"[1, 0, 0]"
enddddd the fucking game,"[0, 1, 0]"
stack reports on lycan,"[1, 0, 0]"
got tumor on his brain this primal,"[0, 0, 1]"
puysh and end it,"[1, 0, 0]"
ofc,"[1, 0, 0]"
report clinkz,"[1, 0, 0]"
fuck this guy ,"[0, 0, 1]"
gpo with eam,"[1, 0, 0]"
i dont waste argue with newplayer noob,"[0, 1, 0]"
this time team has decided not to chase uselessly  when it might ve got kills,"[1, 0, 0]"
gotta be shitting with all those first hit bashes,"[0, 1, 0]"
they fuckin sleeep,"[0, 1, 0]"
what a shtiy dog hes,"[0, 0, 1]"
shrimple as,"[1, 0, 0]"
rpeort nec,"[1, 0, 0]"
mucho es mi invoker ,"[1, 0, 0]"
i m noob ,"[0, 1, 0]"
wasting time ,"[1, 0, 0]"
  morons atacking pudge non stop,"[0, 1, 0]"
how your farm is going  ,"[1, 0, 0]"
not with zaika in team pls ,"[1, 0, 0]"
cmre,"[1, 0, 0]"
it is indeed his phrase,"[1, 0, 0]"
fucking trio,"[0, 1, 0]"
dickhead,"[0, 0, 1]"
our wk is more of a dumbass,"[0, 0, 1]"
this guys sucks,"[0, 0, 1]"
he cum he came   sec,"[1, 0, 0]"
lol what,"[1, 0, 0]"
why is gyro top,"[1, 0, 0]"
not about it,"[1, 0, 0]"
you dont know gihapon means ,"[1, 0, 0]"
really,"[1, 0, 0]"
  son of whores,"[0, 0, 1]"
shitmy pants there,"[0, 0, 1]"
putin sucks cocks,"[0, 0, 1]"
lycan too much youtube,"[1, 0, 0]"
any one puta,"[0, 0, 1]"
this is just a gaaame bruh,"[1, 0, 0]"
rubbik u landed more fk hooks than this pudge,"[1, 0, 0]"
can you actually have mercy,"[1, 0, 0]"
fuck ythis team,"[0, 0, 1]"
go fuck yourself mk,"[0, 0, 1]"
use it tmororow la,"[1, 0, 0]"
we found him on the street,"[1, 0, 0]"
but dont know aghs can make her invi,"[1, 0, 0]"
with puck and jugger and bh,"[1, 0, 0]"
what a fcking awful players,"[0, 1, 0]"
tanga slark,"[0, 0, 1]"
 bot farming,"[1, 0, 0]"
  hero   shot,"[1, 0, 0]"
of yoru fucking  k team,"[0, 0, 1]"
no more wr,"[1, 0, 0]"
where lina,"[1, 0, 0]"
can yall cast shit on me,"[0, 1, 0]"
q too long otherwise,"[1, 0, 0]"
i was     this idiot took xp in lane ,"[0, 0, 1]"
i wouldve done the same,"[1, 0, 0]"
like wtf,"[0, 1, 0]"
we have idiot,"[0, 0, 1]"
this am really stupid,"[0, 0, 1]"
you realize you saying that,"[1, 0, 0]"
what a battle,"[1, 0, 0]"
you are trash,"[0, 0, 1]"
wp team,"[1, 0, 0]"
but dogshit carry,"[0, 0, 1]"
ty  g ,"[1, 0, 0]"
chinese inbred,"[1, 0, 0]"
shut the fuck up kokz,"[0, 0, 1]"
like ur mum,"[0, 0, 1]"
and he doesnt know how to fucking push,"[0, 1, 0]"
please,"[1, 0, 0]"
seems we both used shit on a support,"[0, 1, 0]"
go throne pls,"[1, 0, 0]"
thats my chinese mid,"[0, 0, 1]"
fuck off,"[0, 1, 0]"
its dumb that he can feed all game but then suddenly hit a spike and this shit happens,"[0, 1, 0]"
doing the inside job,"[1, 0, 0]"
worth,"[1, 0, 0]"
report this stupid fish pls,"[0, 0, 1]"
tryhard bois,"[1, 0, 0]"
a pro player,"[1, 0, 0]"
haha son of whore,"[0, 0, 1]"
repport fast,"[1, 0, 0]"
the bashhh,"[1, 0, 0]"
its a game,"[1, 0, 0]"
stop pausing the game,"[1, 0, 0]"
annoying dog barking from wk s mic,"[0, 0, 1]"
the useless enigma is feeling him self,"[0, 0, 1]"
in my cock,"[0, 1, 0]"
what are u idiot ,"[0, 1, 0]"
hurry up and fight bro,"[1, 0, 0]"
just imagine we are all tipping you,"[1, 0, 0]"
cm thinks trans people struggle,"[1, 0, 0]"
why did muthu just send me a butter chicken recipe on pintrest ,"[1, 0, 0]"
math is not mathing,"[1, 0, 0]"
dont ply io ,"[1, 0, 0]"
hes too dumb to even play wk,"[0, 0, 1]"
choose to kill bat for roshan,"[1, 0, 0]"
he doesnt even need to be exact he be throwin after i grabbed the wis rune i dont even know he be wantint that ,"[1, 0, 0]"
i thought u were afk dog,"[0, 1, 0]"
and starts crying when people bm him back,"[1, 0, 0]"
 i hope u can win me,"[1, 0, 0]"
this is my game,"[1, 0, 0]"
last time i stood in vs ur team jemo  you ended up being short of a pos   player,"[1, 0, 0]"
so soft ah this pango,"[1, 0, 0]"
your welcome,"[1, 0, 0]"
i would literally fucking remind you you are happy at   k a year with inflation,"[0, 1, 0]"
rompe items,"[1, 0, 0]"
nice one,"[1, 0, 0]"
dfestory my items when spwaning,"[1, 0, 0]"
son of slut,"[0, 0, 1]"
baited,"[1, 0, 0]"
holy fucking shit,"[0, 1, 0]"
only dog shits,"[0, 1, 0]"
farty diaper,"[1, 0, 0]"
i hope whoever sees you in ranked picks tinker and mega fucks you,"[0, 0, 1]"
steal my dick pls  i m a virgin,"[0, 1, 0]"
that u won this game,"[1, 0, 0]"
a powerfull hero with nob hand,"[0, 1, 0]"
sry bro not personal,"[1, 0, 0]"
that bitch was with me   sec ago ,"[0, 1, 0]"
legend player cute,"[1, 0, 0]"
thats fucked up,"[0, 1, 0]"
this is so ez for me,"[1, 0, 0]"
relly time waste,"[1, 0, 0]"
go fuck urself mate,"[0, 0, 1]"
they pussy af,"[0, 0, 1]"
ld you lose mid like dog dont try to be toxic plss,"[0, 1, 0]"
i d actually put one up your ass you insufferable twink,"[0, 0, 1]"
what the fking are you doing there,"[0, 1, 0]"
slow in mund i mean,"[1, 0, 0]"
fucking trash supports,"[0, 0, 1]"
who the fuk get grand master on sniper,"[0, 1, 0]"
classic dota pick husker and own rtarded sub humans,"[0, 0, 1]"
fuck your mother aa,"[0, 0, 1]"
report beast for   digit,"[1, 0, 0]"
we are not waiting fucking    minutes,"[0, 1, 0]"
no silver edge haha  typical trash dog,"[0, 0, 1]"
bs report thx,"[1, 0, 0]"
dont fuck with the mutts,"[0, 1, 0]"
always the mid or the safelane is noob,"[0, 0, 1]"
just wasting time,"[1, 0, 0]"
he got carried,"[1, 0, 0]"
wait on youtube,"[1, 0, 0]"
free to leave,"[1, 0, 0]"
oe el pugna tme ta tecleando te metes mrd,"[1, 0, 0]"
what is     ,"[1, 0, 0]"
once again,"[1, 0, 0]"
